,Year,Ticker,Environmental Disclosure Score,GHG Scope 1,Total Energy Consumption,Change_in_EDS,Change_in_GHG,Change_in_TEC
0,2005,AEE,,,,0.0,0.0,0.0
1,2006,AEE,,,,0.0,0.0,0.0
2,2007,AEE,9.7,,,0.0,0.0,0.0
3,2008,AEE,9.7,,,0.0,0.0,0.0
4,2009,AEE,12.4,,,27.835051546391764,0.0,0.0
5,2010,AEE,12.4,,,0.0,0.0,0.0
6,2011,AEE,12.4,,,0.0,0.0,0.0
7,2012,AEE,20.0,,,61.29032258064515,0.0,0.0
8,2013,AEE,24.8,32978.0,,24.0,0.0,0.0
9,2014,AEE,35.9,30675.0,,44.758064516129025,-6.9834435077930745,0.0
10,2015,AEE,41.4,28548.2,2717.2,15.32033426183843,-6.933333333333335,0.0
11,2016,AEE,41.4,26795.6,2444.5,0.0,-6.139091081048898,-10.036066539084343
12,2017,AEE,41.4,30200.4,44392.9,0.0,12.706563764200096,1716.031908365719
13,2018,AEE,41.4,29588.0,45911.3,0.0,-2.0277877114210474,3.4203667703619267
14,2019,AEE,42.8,24413.7,38864.2,3.3816425120772875,-17.487832905231848,-15.349380217941999
15,2005,AEP,,,,0.0,0.0,0.0
16,2006,AEP,15.2,,,0.0,0.0,0.0
17,2007,AEP,24.1,,,58.55263157894739,0.0,0.0
18,2008,AEP,27.6,,,14.522821576763478,0.0,0.0
19,2009,AEP,28.3,,,2.53623188405796,0.0,0.0
20,2010,AEP,32.4,,,14.487632508833915,0.0,0.0
21,2011,AEP,38.6,,,19.13580246913582,0.0,0.0
22,2012,AEP,33.1,,,-14.24870466321243,0.0,0.0
23,2013,AEP,49.0,120807.0,3773309.0,48.03625377643503,0.0,0.0
24,2014,AEP,49.0,130319.0,422634.0,0.0,7.873715927057212,-88.79938006667358
25,2015,AEP,46.2,108611.0,341466.0,-5.714285714285705,-16.657586384180355,-19.205269807918913
26,2016,AEP,53.8,99166.6,317362.0,16.450216450216427,-8.695620148972017,-7.058975124902622
27,2017,AEP,55.2,78760.4,237034.0,2.602230483271395,-20.577694506013124,-25.311158865900772
28,2018,AEP,55.2,75361.2,244430.0,0.0,-4.3158744749899665,3.120227477914561
29,2019,AEP,54.5,64776.3,212645.0,-1.2681159420289911,-14.045556599417196,-13.00372294726506
30,2005,AES,,,,0.0,0.0,0.0
31,2006,AES,,,,0.0,0.0,0.0
32,2007,AES,3.1,,,0.0,0.0,0.0
33,2008,AES,3.1,,,0.0,0.0,0.0
34,2009,AES,8.5,,,174.19354838709674,0.0,0.0
35,2010,AES,8.5,,,0.0,0.0,0.0
36,2011,AES,19.4,61186.0,,128.23529411764704,0.0,0.0
37,2012,AES,25.6,80854.0,,31.95876288659796,32.14460824371588,0.0
38,2013,AES,29.5,75449.0,,15.234375,-6.6848888119326215,0.0
39,2014,AES,51.2,74972.9,247819.0,73.55932203389833,-0.6310222799506993,0.0
40,2015,AES,48.8,68634.1,211662.0,-4.687500000000011,-8.454788330183295,-14.590083891872696
41,2016,AES,43.4,70273.0,,-11.065573770491799,2.3878800771045317,0.0
42,2017,AES,45.7,63497.0,,5.299539170506917,-9.642394660822795,0.0
43,2018,AES,43.4,54154.0,,-5.03282275711161,-14.714080980203793,0.0
44,2019,AES,49.6,49092.0,61377.0,14.285714285714302,-9.347416626657312,0.0
45,2005,APA,,,,0.0,0.0,0.0
46,2006,APA,,,,0.0,0.0,0.0
47,2007,APA,1.7,,,0.0,0.0,0.0
48,2008,APA,7.4,90999.8,,335.2941176470589,0.0,0.0
49,2009,APA,18.2,10985.0,29536.2,145.9459459459459,-87.92854489790088,0.0
50,2010,APA,28.9,9860.0,30400.0,58.79120879120878,-10.241238051888935,2.9245468272831365
51,2011,APA,33.9,11760.0,25200.0,17.301038062283737,19.26977687626774,-17.105263157894733
52,2012,APA,31.4,10766.0,10852.6,-7.374631268436582,-8.452380952380956,-56.93412698412699
53,2013,APA,28.1,8400.0,10738.0,-10.509554140127374,-21.97659297789337,-1.0559681550964761
54,2014,APA,33.9,7100.0,5400.0,20.64056939501777,-15.476190476190476,-49.71130564350903
55,2015,APA,36.4,6590.0,4970.0,7.374631268436582,-7.183098591549298,-7.96296296296296
56,2016,APA,38.8,6860.0,3424.0,6.593406593406592,4.097116843702575,-31.1066398390342
57,2017,APA,38.8,6150.0,2759.0,0.0,-10.349854227405253,-19.421728971962615
58,2018,APA,41.3,3410.0,3353.0,6.443298969072164,-44.552845528455286,21.529539688292854
59,2019,APA,41.3,6550.0,4710.0,0.0,92.08211143695016,40.471219803161354
60,2005,ATO,,,,0.0,0.0,0.0
61,2006,ATO,,,,0.0,0.0,0.0
62,2007,ATO,,,,0.0,0.0,0.0
63,2008,ATO,1.4,,,0.0,0.0,0.0
64,2009,ATO,1.4,,,0.0,0.0,0.0
65,2010,ATO,1.4,,,0.0,0.0,0.0
66,2011,ATO,1.4,,,0.0,0.0,0.0
67,2012,ATO,1.4,,,0.0,0.0,0.0
68,2013,ATO,1.4,,,0.0,0.0,0.0
69,2014,ATO,1.4,,,0.0,0.0,0.0
70,2015,ATO,4.8,,,242.8571428571429,0.0,0.0
71,2016,ATO,4.8,,,0.0,0.0,0.0
72,2017,ATO,4.8,,,0.0,0.0,0.0
73,2018,ATO,4.8,,,0.0,0.0,0.0
74,2019,ATO,9.0,,,87.5,0.0,0.0
75,2005,AWK,,,,0.0,0.0,0.0
76,2006,AWK,,,,0.0,0.0,0.0
77,2007,AWK,,,,0.0,0.0,0.0
78,2008,AWK,14.5,65.9,,0.0,0.0,0.0
79,2009,AWK,17.9,64.5,,23.448275862068947,-2.124430955993939,0.0
80,2010,AWK,13.8,,,-22.905027932960888,0.0,0.0
81,2011,AWK,14.5,,,5.072463768115942,0.0,0.0
82,2012,AWK,25.5,62.8,1348.4,75.86206896551724,0.0,0.0
83,2013,AWK,22.8,64.8,1322.0,-10.588235294117643,3.1847133757961776,-1.957876001186598
84,2014,AWK,24.1,66.4,1323.2,5.701754385964919,2.4691358024691468,0.0907715582450841
85,2015,AWK,27.6,54.0,1298.4,14.522821576763478,-18.67469879518073,-1.8742442563482453
86,2016,AWK,40.7,52.5,1284.9,47.46376811594204,-2.777777777777779,-1.0397412199630307
87,2017,AWK,40.7,55.9,1311.9,0.0,6.47619047619048,2.101330842867144
88,2018,AWK,38.6,60.9,1363.2,-5.1597051597051635,8.94454382826475,3.9103590212668626
89,2019,AWK,,,,0.0,0.0,0.0
90,2005,BKR,,,,0.0,0.0,0.0
91,2006,BKR,,,,0.0,0.0,0.0
92,2007,BKR,,,,0.0,0.0,0.0
93,2008,BKR,,,,0.0,0.0,0.0
94,2009,BKR,,,,0.0,0.0,0.0
95,2010,BKR,,,,0.0,0.0,0.0
96,2011,BKR,,,,0.0,0.0,0.0
97,2012,BKR,,,,0.0,0.0,0.0
98,2013,BKR,,,,0.0,0.0,0.0
99,2014,BKR,,,,0.0,0.0,0.0
100,2015,BKR,,,,0.0,0.0,0.0
101,2016,BKR,,,,0.0,0.0,0.0
102,2017,BKR,38.0,383.1,1840.8,0.0,0.0,0.0
103,2018,BKR,42.6,353.3,1621.8,12.10526315789473,-7.778647872618116,-11.897001303780963
104,2019,BKR,51.2,383.1,1862.8,20.187793427230048,8.434757996037368,14.860032063139727
105,2005,CMS,,,,0.0,0.0,0.0
106,2006,CMS,,,,0.0,0.0,0.0
107,2007,CMS,,,,0.0,0.0,0.0
108,2008,CMS,4.8,,,0.0,0.0,0.0
109,2009,CMS,6.2,,,29.166666666666675,0.0,0.0
110,2010,CMS,12.4,,,100.0,0.0,0.0
111,2011,CMS,14.5,,,16.93548387096775,0.0,0.0
112,2012,CMS,16.6,,,14.482758620689662,0.0,0.0
113,2013,CMS,16.6,,,0.0,0.0,0.0
114,2014,CMS,16.6,,,0.0,0.0,0.0
115,2015,CMS,16.6,,,0.0,0.0,0.0
116,2016,CMS,49.0,13001.5,101.5,195.18072289156626,0.0,0.0
117,2017,CMS,51.7,12891.0,16088.0,5.5102040816326525,-0.8499019343921832,15750.24630541872
118,2018,CMS,44.1,12743.0,166.4,-14.700193423597685,-1.1480878132030137,-98.96568871208355
119,2019,CMS,53.8,12659.0,17376.7,21.995464852607704,-0.6591854351408633,10342.728365384615
120,2005,CNP,,,,0.0,0.0,0.0
121,2006,CNP,,,,0.0,0.0,0.0
122,2007,CNP,,,,0.0,0.0,0.0
123,2008,CNP,,,,0.0,0.0,0.0
124,2009,CNP,1.4,,,0.0,0.0,0.0
125,2010,CNP,1.4,,,0.0,0.0,0.0
126,2011,CNP,1.4,,,0.0,0.0,0.0
127,2012,CNP,3.5,,,150.0,0.0,0.0
128,2013,CNP,3.5,,,0.0,0.0,0.0
129,2014,CNP,3.5,,,0.0,0.0,0.0
130,2015,CNP,3.5,,,0.0,0.0,0.0
131,2016,CNP,7.6,,,117.14285714285712,0.0,0.0
132,2017,CNP,26.2,5453.9,,244.73684210526318,0.0,0.0
133,2018,CNP,28.3,6150.2,,8.015267175572527,12.76701076294029,0.0
134,2019,CNP,35.9,5868.4,,26.855123674911653,-4.581964814152384,0.0
135,2005,COG,,,,0.0,0.0,0.0
136,2006,COG,,,,0.0,0.0,0.0
137,2007,COG,,,,0.0,0.0,0.0
138,2008,COG,,,,0.0,0.0,0.0
139,2009,COG,1.7,,,0.0,0.0,0.0
140,2010,COG,1.7,,,0.0,0.0,0.0
141,2011,COG,1.7,,,0.0,0.0,0.0
142,2012,COG,1.7,,,0.0,0.0,0.0
143,2013,COG,4.1,,,141.17647058823528,0.0,0.0
144,2014,COG,4.1,,,0.0,0.0,0.0
145,2015,COG,4.1,,,0.0,0.0,0.0
146,2016,COG,4.1,,,0.0,0.0,0.0
147,2017,COG,6.6,,,60.97560975609757,0.0,0.0
148,2018,COG,6.6,,,0.0,0.0,0.0
149,2019,COG,22.3,530.9,,237.87878787878788,0.0,0.0
150,2005,COP,,,,0.0,0.0,0.0
151,2006,COP,52.1,53423.2,243138.0,0.0,0.0,0.0
152,2007,COP,53.7,54971.2,226380.0,3.0710172744721653,2.8976175144880933,-6.892382103990324
153,2008,COP,55.4,54735.0,2404492.0,3.165735567970196,-0.42967954128706465,962.1485996996201
154,2009,COP,59.5,54623.1,79380.0,7.400722021660644,-0.20443957248561517,-96.69867897252308
155,2010,COP,57.0,58634.7,79879.8,-4.201680672268903,7.344145608725983,0.6296296296296244
156,2011,COP,62.0,59400.0,79497.6,8.771929824561408,1.3051998219484329,-0.4784688995215225
157,2012,COP,59.5,24478.6,73441.2,-4.0322580645161255,-58.79023569023569,-7.618343195266286
158,2013,COP,59.5,25761.2,73088.4,0.0,5.239678739797227,-0.48038430744595795
159,2014,COP,63.6,26039.3,71706.6,6.890756302521006,1.0795304566557418,-1.890587288817358
160,2015,COP,62.8,24445.0,64092.0,-1.2578616352201366,-6.122668428106747,-10.619106191061922
161,2016,COP,64.5,25300.0,68796.0,2.7070063694267565,3.4976477807322492,7.339449541284404
162,2017,COP,61.2,19400.0,66150.0,-5.116279069767438,-23.320158102766797,-3.8461538461538436
163,2018,COP,61.2,19200.0,67032.0,0.0,-1.0309278350515427,1.333333333333342
164,2019,COP,66.9,19500.0,66150.0,9.31372549019609,1.5625,-1.3157894736842146
165,2005,CVX,,,,0.0,0.0,0.0
166,2006,CVX,30.6,65400.0,264600.0,0.0,0.0,0.0
167,2007,CVX,30.6,63700.0,269892.0,0.0,-2.599388379204892,2.0000000000000018
168,2008,CVX,34.7,62700.0,268716.0,13.398692810457513,-1.5698587127158548,-0.43572984749454813
169,2009,CVX,37.2,60800.0,225556.0,7.204610951008639,-3.0303030303030276,-16.061566858690956
170,2010,CVX,37.2,62100.0,263722.0,0.0,2.1381578947368363,16.920853357924415
171,2011,CVX,35.5,61600.0,263889.0,-4.569892473118287,-0.8051529790660261,0.06332425812030085
172,2012,CVX,47.1,70000.0,255000.0,32.67605633802817,13.636363636363647,-3.3684617395950522
173,2013,CVX,49.6,69000.0,258056.0,5.307855626326963,-1.4285714285714235,1.1984313725490248
174,2014,CVX,46.3,66000.0,257500.0,-6.653225806451624,-4.347826086956519,-0.21545711008463808
175,2015,CVX,46.3,68000.0,243056.0,0.0,3.0303030303030276,-5.609320388349515
176,2016,CVX,46.3,66000.0,252500.0,0.0,-2.941176470588236,3.8855243236126658
177,2017,CVX,48.8,63000.0,237222.0,5.399568034557234,-4.545454545454541,-6.050693069306934
178,2018,CVX,48.8,66000.0,270278.0,0.0,4.761904761904767,13.934626636652592
179,2019,CVX,48.8,60000.0,261944.0,0.0,-9.090909090909093,-3.083491812134176
180,2005,D,,,,0.0,0.0,0.0
181,2006,D,,,,0.0,0.0,0.0
182,2007,D,15.9,,,0.0,0.0,0.0
183,2008,D,26.2,,,64.77987421383646,0.0,0.0
184,2009,D,29.7,,,13.358778625954205,0.0,0.0
185,2010,D,29.7,,,0.0,0.0,0.0
186,2011,D,31.7,,,6.734006734006726,0.0,0.0
187,2012,D,31.7,,,0.0,0.0,0.0
188,2013,D,34.5,,,8.83280757097793,0.0,0.0
189,2014,D,35.2,,,2.0289855072463947,0.0,0.0
190,2015,D,42.8,46340.7,,21.590909090909083,0.0,0.0
191,2016,D,44.8,48117.3,,4.672897196261672,3.833778945937394,0.0
192,2017,D,60.0,41649.5,133547.0,33.928571428571445,-13.441735093199336,0.0
193,2018,D,60.0,39408.1,133547.0,0.0,-5.381577209810451,0.0
194,2019,D,60.0,31890.8,172491.0,0.0,-19.075520007308143,29.161269066321218
195,2005,DTE,,,,0.0,0.0,0.0
196,2006,DTE,,,,0.0,0.0,0.0
197,2007,DTE,12.4,43600.0,,0.0,0.0,0.0
198,2008,DTE,8.3,41800.0,,-33.06451612903225,-4.128440366972475,0.0
199,2009,DTE,13.8,,,66.26506024096386,0.0,0.0
200,2010,DTE,30.3,39920.0,,119.56521739130434,0.0,0.0
201,2011,DTE,30.3,,,0.0,0.0,0.0
202,2012,DTE,30.3,,,0.0,0.0,0.0
203,2013,DTE,39.4,,,30.03300330033003,0.0,0.0
204,2014,DTE,47.6,35600.0,118000.0,20.812182741116757,0.0,0.0
205,2015,DTE,47.6,33900.0,103673.0,0.0,-4.7752808988763995,-12.141525423728815
206,2016,DTE,55.9,32000.0,93087.0,17.43697478991595,-5.604719764011801,-10.210951742498043
207,2017,DTE,58.6,31857.0,102600.0,4.830053667262968,-0.44687500000000213,10.21947210673886
208,2018,DTE,64.8,34246.0,108380.0,10.580204778156999,7.49913676742946,5.633528265107213
209,2019,DTE,60.7,30714.0,108308.0,-6.327160493827155,-10.313613268702914,-0.06643292120317446
210,2005,DUK,,,,0.0,0.0,0.0
211,2006,DUK,22.8,,,0.0,0.0,0.0
212,2007,DUK,31.7,,342779.0,39.03508771929825,0.0,0.0
213,2008,DUK,41.4,,327939.0,30.59936908517349,0.0,-4.3293200575297845
214,2009,DUK,53.8,,406069.0,29.951690821256037,0.0,23.82455273694193
215,2010,DUK,56.6,,425409.0,5.204460966542768,0.0,4.7627373672947115
216,2011,DUK,57.9,143835.0,449849.0,2.29681978798586,0.0,5.745059460425139
217,2012,DUK,59.3,135939.0,456003.0,2.4179620034542326,-5.489623526957976,1.3680146004548144
218,2013,DUK,65.5,124472.0,416088.0,10.455311973018544,-8.435401172584767,-8.753231886632328
219,2014,DUK,57.9,125893.0,460691.0,-11.603053435114507,1.1416222122244468,10.719607390744269
220,2015,DUK,62.8,101131.0,374656.0,8.462867012089802,-19.669084063450704,-18.675207460097987
221,2016,DUK,55.2,98115.6,355868.0,-12.101910828025463,-2.9816772305227834,-5.014733515544922
222,2017,DUK,53.8,96543.4,341500.0,-2.5362318840579823,-1.602395541585655,-4.037452088976812
223,2018,DUK,57.9,96547.1,380260.0,7.620817843866168,0.0038324732710925957,11.349926793557842
224,2019,DUK,58.6,85517.5,334020.0,1.2089810017271274,-11.424061416655707,-12.16010098353758
225,2005,DVN,,,,0.0,0.0,0.0
226,2006,DVN,,,,0.0,0.0,0.0
227,2007,DVN,9.9,3680.0,,0.0,0.0,0.0
228,2008,DVN,9.9,3680.0,,0.0,0.0,0.0
229,2009,DVN,4.1,,,-58.58585858585859,0.0,0.0
230,2010,DVN,4.1,,,0.0,0.0,0.0
231,2011,DVN,19.0,7232.9,,363.41463414634154,0.0,0.0
232,2012,DVN,19.0,7596.7,,0.0,5.029794411646793,0.0
233,2013,DVN,19.0,7644.6,,0.0,0.6305369436729213,0.0
234,2014,DVN,24.0,5925.4,10223.4,26.315789473684205,-22.48907725714885,0.0
235,2015,DVN,26.5,6065.8,11278.2,10.416666666666675,2.369460289600722,10.317506895944618
236,2016,DVN,28.9,5381.1,18165.9,9.056603773584904,-11.28787629001945,61.070915571633776
237,2017,DVN,36.4,5368.9,26062.3,25.951557093425603,-0.22671944397987254,43.46825645852943
238,2018,DVN,36.4,5647.5,21533.4,0.0,5.189144890014719,-17.377207690802422
239,2019,DVN,36.4,2610.0,8295.6,0.0,-53.78486055776892,-61.475661066064816
240,2005,ED,,,,0.0,0.0,0.0
241,2006,ED,17.9,,,0.0,0.0,0.0
242,2007,ED,6.2,,,-65.36312849162012,0.0,0.0
243,2008,ED,6.2,,,0.0,0.0,0.0
244,2009,ED,27.6,3735.6,,345.16129032258067,0.0,0.0
245,2010,ED,44.1,3265.2,21148.9,59.78260869565217,-12.59235464182461,0.0
246,2011,ED,51.0,3370.5,18962.8,15.646258503401356,3.2249173098125805,-10.336707819319212
247,2012,ED,57.9,3314.4,14650.6,13.529411764705879,-1.6644414775255911,-22.74031261206151
248,2013,ED,62.8,3361.5,15276.8,8.462867012089802,1.4210716871831952,4.274227676682174
249,2014,ED,62.8,3157.2,14390.2,0.0,-6.07764390896921,-5.803571428571419
250,2015,ED,59.3,3137.1,14467.5,-5.573248407643316,-0.636640060813376,0.5371711303525872
251,2016,ED,44.1,3093.0,,-25.632377740303536,-1.405756909247391,0.0
252,2017,ED,37.2,3015.0,,-15.646258503401356,-2.521823472356932,0.0
253,2018,ED,37.2,3068.0,,0.0,1.7578772802653297,0.0
254,2019,ED,40.0,2907.0,,7.526881720430101,-5.2477183833116055,0.0
255,2005,EIX,,,,0.0,0.0,0.0
256,2006,EIX,,,,0.0,0.0,0.0
257,2007,EIX,7.6,,,0.0,0.0,0.0
258,2008,EIX,7.6,,,0.0,0.0,0.0
259,2009,EIX,7.6,,,0.0,0.0,0.0
260,2010,EIX,7.6,,,0.0,0.0,0.0
261,2011,EIX,25.5,5715.3,,235.52631578947373,0.0,0.0
262,2012,EIX,25.5,7200.0,,0.0,25.97763896908298,0.0
263,2013,EIX,25.5,6200.0,,0.0,-13.888888888888884,0.0
264,2014,EIX,27.6,2400.0,,8.235294117647074,-61.29032258064516,0.0
265,2015,EIX,27.6,2400.0,,0.0,0.0,0.0
266,2016,EIX,27.6,2400.0,,0.0,0.0,0.0
267,2017,EIX,33.1,1900.0,,19.92753623188406,-20.833333333333336,0.0
268,2018,EIX,36.6,1100.0,,10.574018126888207,-42.10526315789473,0.0
269,2019,EIX,44.1,1400.0,,20.491803278688515,27.27272727272727,0.0
270,2005,EOG,,,,0.0,0.0,0.0
271,2006,EOG,,,,0.0,0.0,0.0
272,2007,EOG,1.7,,,0.0,0.0,0.0
273,2008,EOG,6.6,,,288.2352941176471,0.0,0.0
274,2009,EOG,6.6,,,0.0,0.0,0.0
275,2010,EOG,6.6,,,0.0,0.0,0.0
276,2011,EOG,7.4,,,12.121212121212132,0.0,0.0
277,2012,EOG,9.1,,,22.97297297297296,0.0,0.0
278,2013,EOG,9.1,,,0.0,0.0,0.0
279,2014,EOG,15.7,,,72.52747252747254,0.0,0.0
280,2015,EOG,15.7,,,0.0,0.0,0.0
281,2016,EOG,17.4,,,10.828025477707005,0.0,0.0
282,2017,EOG,30.6,3300.0,,75.86206896551727,0.0,0.0
283,2018,EOG,30.6,5405.6,,0.0,63.80606060606062,0.0
284,2019,EOG,34.7,5300.0,,13.398692810457513,-1.9535296729317864,0.0
285,2005,ES,,,,0.0,0.0,0.0
286,2006,ES,,,,0.0,0.0,0.0
287,2007,ES,,,,0.0,0.0,0.0
288,2008,ES,15.2,,,0.0,0.0,0.0
289,2009,ES,15.2,,,0.0,0.0,0.0
290,2010,ES,25.5,,,67.76315789473686,0.0,0.0
291,2011,ES,27.6,,,8.235294117647074,0.0,0.0
292,2012,ES,31.0,1711.0,,12.318840579710134,0.0,0.0
293,2013,ES,42.1,1962.0,6487.7,35.80645161290323,14.669783752191702,0.0
294,2014,ES,45.5,1799.2,6936.5,8.076009501187652,-8.297655453618757,6.917705812537567
295,2015,ES,53.1,1623.3,6750.2,16.70329670329671,-9.77656736327257,-2.6857925466733934
296,2016,ES,53.1,852.6,4169.4,0.0,-47.47736093143596,-38.232941246185305
297,2017,ES,54.5,713.4,3170.0,2.6365348399246757,-16.326530612244905,-23.969875761500447
298,2018,ES,53.1,169.4,603.8,-2.5688073394495414,-76.25455564900476,-80.95268138801262
299,2019,ES,59.3,128.8,374.7,11.67608286252353,-23.966942148760328,-37.9430274925472
300,2005,ETR,12.4,,,0.0,0.0,0.0
301,2006,ETR,16.6,,,33.8709677419355,0.0,0.0
302,2007,ETR,24.1,32600.0,,45.18072289156627,0.0,0.0
303,2008,ETR,25.5,33187.0,,5.809128630705396,1.8006134969325238,0.0
304,2009,ETR,38.6,30409.2,42640.8,51.37254901960784,-8.37014493627023,0.0
305,2010,ETR,37.2,34000.0,7138.3,-3.626943005181338,11.808268550307144,-83.25946042288138
306,2011,ETR,33.8,34800.0,,-9.139784946236574,2.35294117647058,0.0
307,2012,ETR,33.8,34800.0,,0.0,0.0,0.0
308,2013,ETR,35.2,34200.0,,4.142011834319548,-1.7241379310344862,0.0
309,2014,ETR,37.2,34185.3,,5.681818181818188,-0.04298245614033913,0.0
310,2015,ETR,35.9,31843.3,,-3.4946236559139865,-6.850897900559605,0.0
311,2016,ETR,33.8,35200.0,,-5.84958217270195,10.541306962532149,0.0
312,2017,ETR,36.6,33100.0,,8.284023668639072,-5.9659090909090935,0.0
313,2018,ETR,38.6,36500.0,,5.464480874316946,10.271903323262844,0.0
314,2019,ETR,40.0,34400.0,,3.626943005181338,-5.753424657534245,0.0
315,2005,EVRG,,,,0.0,0.0,0.0
316,2006,EVRG,,,,0.0,0.0,0.0
317,2007,EVRG,,,,0.0,0.0,0.0
318,2008,EVRG,,,,0.0,0.0,0.0
319,2009,EVRG,,,,0.0,0.0,0.0
320,2010,EVRG,,,,0.0,0.0,0.0
321,2011,EVRG,,,,0.0,0.0,0.0
322,2012,EVRG,,,,0.0,0.0,0.0
323,2013,EVRG,,,,0.0,0.0,0.0
324,2014,EVRG,,,,0.0,0.0,0.0
325,2015,EVRG,,,,0.0,0.0,0.0
326,2016,EVRG,,,,0.0,0.0,0.0
327,2017,EVRG,,,,0.0,0.0,0.0
328,2018,EVRG,26.2,29742.9,,0.0,0.0,0.0
329,2019,EVRG,27.6,26499.4,,5.343511450381677,-10.905123575710507,0.0
330,2005,EXC,14.5,,,0.0,0.0,0.0
331,2006,EXC,22.8,,,57.24137931034483,0.0,0.0
332,2007,EXC,26.2,,,14.912280701754387,0.0,0.0
333,2008,EXC,28.3,,,8.015267175572527,0.0,0.0
334,2009,EXC,42.1,8893.0,,48.76325088339222,0.0,0.0
335,2010,EXC,43.5,9268.0,,3.325415676959609,4.2167997301248095,0.0
336,2011,EXC,43.5,6600.0,,0.0,-28.787224859732408,0.0
337,2012,EXC,46.9,22497.0,,7.8160919540229745,240.86363636363637,0.0
338,2013,EXC,48.3,18697.0,,2.985074626865658,-16.89114104102769,0.0
339,2014,EXC,60.7,16786.0,88591.3,25.67287784679091,-10.220891052040438,0.0
340,2015,EXC,55.9,7677.0,64944.5,-7.907742998352562,-54.265459311330865,-26.692011518061033
341,2016,EXC,58.6,9723.0,82392.5,4.830053667262968,26.651035560765933,26.866016367821754
342,2017,EXC,64.1,10200.0,72702.2,9.385665529010234,4.905893242826287,-11.76114330794672
343,2018,EXC,59.3,9526.0,75006.7,-7.48829953198128,-6.607843137254898,3.1697802817521437
344,2019,EXC,49.7,9395.0,66356.9,-16.18887015177065,-1.3751837077472184,-11.532036471408558
345,2005,FANG,,,,0.0,0.0,0.0
346,2006,FANG,,,,0.0,0.0,0.0
347,2007,FANG,,,,0.0,0.0,0.0
348,2008,FANG,,,,0.0,0.0,0.0
349,2009,FANG,,,,0.0,0.0,0.0
350,2010,FANG,,,,0.0,0.0,0.0
351,2011,FANG,,,,0.0,0.0,0.0
352,2012,FANG,,,,0.0,0.0,0.0
353,2013,FANG,,,,0.0,0.0,0.0
354,2014,FANG,,,,0.0,0.0,0.0
355,2015,FANG,3.9,,,0.0,0.0,0.0
356,2016,FANG,14.0,,,258.974358974359,0.0,0.0
357,2017,FANG,24.0,,,71.42857142857142,0.0,0.0
358,2018,FANG,24.0,,,0.0,0.0,0.0
359,2019,FANG,26.4,,,9.999999999999986,0.0,0.0
360,2005,FE,,,,0.0,0.0,0.0
361,2006,FE,,,,0.0,0.0,0.0
362,2007,FE,11.7,,,0.0,0.0,0.0
363,2008,FE,9.7,,,-17.0940170940171,0.0,0.0
364,2009,FE,13.1,,,35.05154639175259,0.0,0.0
365,2010,FE,13.1,,,0.0,0.0,0.0
366,2011,FE,13.1,,,0.0,0.0,0.0
367,2012,FE,13.1,,,0.0,0.0,0.0
368,2013,FE,13.1,,,0.0,0.0,0.0
369,2014,FE,13.1,,,0.0,0.0,0.0
370,2015,FE,17.2,,,31.29770992366412,0.0,0.0
371,2016,FE,31.7,46333.4,,84.30232558139534,0.0,0.0
372,2017,FE,37.9,42354.9,,19.558359621451093,-8.586678292549221,0.0
373,2018,FE,47.6,32874.7,203527.0,25.59366754617416,-22.38277035242676,0.0
374,2019,FE,,17935.5,,0.0,-45.442848147663696,0.0
375,2005,FTI,,,,0.0,0.0,0.0
376,2006,FTI,,,,0.0,0.0,0.0
377,2007,FTI,,,,0.0,0.0,0.0
378,2008,FTI,,,,0.0,0.0,0.0
379,2009,FTI,,,,0.0,0.0,0.0
380,2010,FTI,,,,0.0,0.0,0.0
381,2011,FTI,,,,0.0,0.0,0.0
382,2012,FTI,,,,0.0,0.0,0.0
383,2013,FTI,,,,0.0,0.0,0.0
384,2014,FTI,,,,0.0,0.0,0.0
385,2015,FTI,,,,0.0,0.0,0.0
386,2016,FTI,,,,0.0,0.0,0.0
387,2017,FTI,14.0,483.2,,0.0,0.0,0.0
388,2018,FTI,14.0,574.1,,0.0,18.81208609271523,0.0
389,2019,FTI,16.3,416.1,,16.428571428571438,-27.52133774603728,0.0
390,2005,HAL,,,,0.0,0.0,0.0
391,2006,HAL,9.3,,,0.0,0.0,0.0
392,2007,HAL,14.0,,,50.53763440860215,0.0,0.0
393,2008,HAL,11.6,,,-17.14285714285715,0.0,0.0
394,2009,HAL,15.5,,,33.62068965517242,0.0,0.0
395,2010,HAL,17.8,,,14.83870967741936,0.0,0.0
396,2011,HAL,42.6,4426.6,,139.3258426966292,0.0,0.0
397,2012,HAL,17.8,,,-58.21596244131455,0.0,0.0
398,2013,HAL,17.8,,,0.0,0.0,0.0
399,2014,HAL,43.4,11438.9,45534.0,143.82022471910113,0.0,0.0
400,2015,HAL,45.0,3210.4,12644.6,3.686635944700467,-71.93436431824738,-72.23042122370097
401,2016,HAL,46.5,1770.7,7135.0,3.3333333333333437,-44.84487914278594,-43.572750423105525
402,2017,HAL,46.5,1837.7,7469.6,0.0,3.7838143107245648,4.68955851436581
403,2018,HAL,46.5,4739.0,19523.8,0.0,157.87669369320346,161.37678055049798
404,2019,HAL,45.7,4511.4,18814.1,-1.7204301075268713,-4.8027009917704255,-3.6350505536832056
405,2005,HES,,,,0.0,0.0,0.0
406,2006,HES,15.7,,,0.0,0.0,0.0
407,2007,HES,39.7,,,152.86624203821657,0.0,0.0
408,2008,HES,53.7,10700.0,,35.26448362720402,0.0,0.0
409,2009,HES,78.5,4000.0,12093.9,46.18249534450651,-62.616822429906534,0.0
410,2010,HES,78.5,3700.0,12348.9,0.0,-7.499999999999996,2.108500979832817
411,2011,HES,84.3,4300.0,12742.8,7.388535031847132,16.216216216216207,3.189757792192016
412,2012,HES,80.2,5000.0,13034.7,-4.8635824436536135,16.279069767441868,2.2907053394858323
413,2013,HES,73.6,4400.0,10435.3,-8.229426433915222,-12.0,-19.942154403246725
414,2014,HES,72.7,4800.0,9562.8,-1.2228260869565077,9.090909090909083,-8.361043764913322
415,2015,HES,76.0,5100.0,10041.1,4.53920220082531,6.25,5.001673150123409
416,2016,HES,76.0,4100.0,10623.9,0.0,-19.6078431372549,5.804144964197144
417,2017,HES,78.5,3700.0,9200.3,3.289473684210531,-9.756097560975608,-13.399975526878084
418,2018,HES,78.5,3577.3,8514.7,0.0,-3.3162162162162168,-7.451930915296224
419,2019,HES,80.2,3900.0,7828.3,2.165605095541401,9.020769854359422,-8.06135271941466
420,2005,HFC,,,,0.0,0.0,0.0
421,2006,HFC,,,,0.0,0.0,0.0
422,2007,HFC,1.6,,,0.0,0.0,0.0
423,2008,HFC,1.6,,,0.0,0.0,0.0
424,2009,HFC,1.6,,,0.0,0.0,0.0
425,2010,HFC,1.6,,,0.0,0.0,0.0
426,2011,HFC,1.6,,,0.0,0.0,0.0
427,2012,HFC,1.6,,,0.0,0.0,0.0
428,2013,HFC,1.6,,,0.0,0.0,0.0
429,2014,HFC,3.1,,,93.75,0.0,0.0
430,2015,HFC,3.1,,,0.0,0.0,0.0
431,2016,HFC,38.8,4829.0,20714.0,1151.6129032258063,0.0,0.0
432,2017,HFC,41.1,5328.0,23294.0,5.927835051546393,10.33340236073721,12.455344211644292
433,2018,HFC,41.1,5336.0,22777.0,0.0,0.15015015015014122,-2.219455653816438
434,2019,HFC,45.0,5443.0,23156.0,9.48905109489051,2.0052473763118472,1.6639592571453754
435,2005,KMI,,,,0.0,0.0,0.0
436,2006,KMI,,,,0.0,0.0,0.0
437,2007,KMI,,,,0.0,0.0,0.0
438,2008,KMI,,,,0.0,0.0,0.0
439,2009,KMI,,,,0.0,0.0,0.0
440,2010,KMI,5.4,,,0.0,0.0,0.0
441,2011,KMI,5.4,,,0.0,0.0,0.0
442,2012,KMI,5.4,,,0.0,0.0,0.0
443,2013,KMI,5.4,,,0.0,0.0,0.0
444,2014,KMI,5.4,,,0.0,0.0,0.0
445,2015,KMI,5.4,,,0.0,0.0,0.0
446,2016,KMI,5.4,,,0.0,0.0,0.0
447,2017,KMI,22.5,,,316.66666666666663,0.0,0.0
448,2018,KMI,27.1,,7755.0,20.444444444444443,0.0,0.0
449,2019,KMI,33.3,,7693.0,22.878228782287803,0.0,-0.79948420373952
450,2005,LNT,,,,0.0,0.0,0.0
451,2006,LNT,,,,0.0,0.0,0.0
452,2007,LNT,20.0,,,0.0,0.0,0.0
453,2008,LNT,24.1,,,20.500000000000007,0.0,0.0
454,2009,LNT,22.8,,,-5.394190871369298,0.0,0.0
455,2010,LNT,25.5,,,11.842105263157897,0.0,0.0
456,2011,LNT,25.5,,,0.0,0.0,0.0
457,2012,LNT,25.5,,,0.0,0.0,0.0
458,2013,LNT,22.1,,,-13.33333333333333,0.0,0.0
459,2014,LNT,22.1,,,0.0,0.0,0.0
460,2015,LNT,25.5,16460.0,,15.384615384615374,0.0,0.0
461,2016,LNT,31.7,14450.0,,24.31372549019608,-12.211421628189544,0.0
462,2017,LNT,33.8,16370.0,,6.624605678233442,13.287197231833915,0.0
463,2018,LNT,42.8,17480.0,,26.627218934911244,6.780696395846064,0.0
464,2019,LNT,42.8,14296.5,,0.0,-18.21224256292906,0.0
465,2005,MPC,,,,0.0,0.0,0.0
466,2006,MPC,,,,0.0,0.0,0.0
467,2007,MPC,,,,0.0,0.0,0.0
468,2008,MPC,,,,0.0,0.0,0.0
469,2009,MPC,,,,0.0,0.0,0.0
470,2010,MPC,21.7,10600.0,64974.0,0.0,0.0,0.0
471,2011,MPC,24.0,10100.0,54096.0,10.599078341013835,-4.716981132075471,-16.7420814479638
472,2012,MPC,24.0,9900.0,68796.0,0.0,-1.980198019801982,27.173913043478272
473,2013,MPC,24.0,17200.0,93786.0,0.0,73.73737373737374,36.32478632478633
474,2014,MPC,25.6,17200.0,106428.0,6.666666666666665,0.0,13.479623824451403
475,2015,MPC,40.3,36100.0,106428.0,57.42187499999998,109.88372093023257,0.0
476,2016,MPC,48.1,36900.0,166667.0,19.354838709677423,2.216066481994461,56.600706580974936
477,2017,MPC,48.1,36700.0,166667.0,0.0,-0.5420054200542035,0.0
478,2018,MPC,48.1,36400.0,166667.0,0.0,-0.8174386920980936,0.0
479,2019,MPC,51.9,36800.0,166667.0,7.9002079002078895,1.098901098901095,0.0
480,2005,MRO,24.0,15400.0,74970.0,0.0,0.0,0.0
481,2006,MRO,35.5,14900.0,75558.0,47.91666666666667,-3.2467532467532423,0.7843137254901933
482,2007,MRO,36.4,14600.0,74676.0,2.5352112676056304,-2.0134228187919434,-1.1673151750972721
483,2008,MRO,33.9,14000.0,72000.6,-6.868131868131866,-4.109589041095896,-3.58267716535432
484,2009,MRO,35.5,13700.0,74970.0,4.71976401179941,-2.1428571428571463,4.124132298897498
485,2010,MRO,36.4,3200.0,14700.0,2.5352112676056304,-76.64233576642336,-80.3921568627451
486,2011,MRO,38.0,3200.0,14788.2,4.395604395604402,0.0,0.6000000000000005
487,2012,MRO,38.0,3900.0,20286.0,0.0,21.875,37.17693836978131
488,2013,MRO,34.7,3890.0,22020.6,-8.684210526315784,-0.2564102564102555,8.550724637681162
489,2014,MRO,39.7,3520.0,16522.8,14.4092219020173,-9.511568123393321,-24.966622162883844
490,2015,MRO,39.7,3580.0,16493.4,0.0,1.7045454545454586,-0.177935943060481
491,2016,MRO,39.7,3070.0,13494.6,0.0,-14.245810055865926,-18.181818181818187
492,2017,MRO,41.3,3680.0,12847.8,4.030226700251882,19.86970684039089,-4.793028322440096
493,2018,MRO,43.0,5200.0,13188.8,4.1162227602905554,41.30434782608696,2.6541509052133483
494,2019,MRO,47.1,6470.0,10636.9,9.534883720930232,24.423076923076927,-19.348993085041855
495,2005,NEE,,,,0.0,0.0,0.0
496,2006,NEE,24.1,,,0.0,0.0,0.0
497,2007,NEE,29.7,,,23.23651452282156,0.0,0.0
498,2008,NEE,33.8,,,13.804713804713797,0.0,0.0
499,2009,NEE,53.1,,,57.10059171597634,0.0,0.0
500,2010,NEE,29.7,,,-44.067796610169495,0.0,0.0
501,2011,NEE,21.4,,,-27.94612794612795,0.0,0.0
502,2012,NEE,49.0,47470.5,253049.0,128.97196261682245,0.0,0.0
503,2013,NEE,47.6,44852.5,290207.0,-2.857142857142858,-5.515004055150041,14.684112563179452
504,2014,NEE,42.8,45057.1,207603.0,-10.084033613445387,0.4561618638871723,-28.46382065215518
505,2015,NEE,40.0,49457.1,255762.0,-6.542056074766345,9.765386587241531,23.19764165257727
506,2016,NEE,40.0,41889.7,390887.0,0.0,-15.300937580246321,52.8323206731258
507,2017,NEE,40.0,39026.5,,0.0,-6.835093113581614,0.0
508,2018,NEE,37.9,38200.8,,-5.249999999999999,-2.1157418677052675,0.0
509,2019,NEE,38.6,45330.1,,1.8469656992084582,18.662698163389237,0.0
510,2005,NI,,,,0.0,0.0,0.0
511,2006,NI,11.0,25570.1,,0.0,0.0,0.0
512,2007,NI,13.1,26747.9,,19.090909090909093,4.6061611022248705,0.0
513,2008,NI,19.3,26441.5,,47.32824427480917,-1.1455104886738843,0.0
514,2009,NI,33.1,21800.0,44990.6,71.50259067357514,-17.55384528109222,0.0
515,2010,NI,18.6,,,-43.80664652567976,0.0,0.0
516,2011,NI,28.3,21918.8,,52.1505376344086,0.0,0.0
517,2012,NI,28.3,20674.8,,0.0,-5.675493183933423,0.0
518,2013,NI,30.3,19146.2,,7.067137809187285,-7.393541896414957,0.0
519,2014,NI,30.3,19503.9,,0.0,1.8682558418902984,0.0
520,2015,NI,36.6,12299.4,,20.79207920792079,-36.93876609293526,0.0
521,2016,NI,42.8,12420.3,,16.93989071038251,0.9829747792575283,0.0
522,2017,NI,49.0,12044.7,34400.8,14.485981308411233,-3.024081543924051,0.0
523,2018,NI,49.0,12580.8,37053.3,0.0,4.450920321801277,7.710576498220978
524,2019,NI,47.6,10202.1,30915.9,-2.857142857142858,-18.907382678367025,-16.56370687631061
525,2005,NOV,,,,0.0,0.0,0.0
526,2006,NOV,,,,0.0,0.0,0.0
527,2007,NOV,3.9,,,0.0,0.0,0.0
528,2008,NOV,3.9,,,0.0,0.0,0.0
529,2009,NOV,5.4,,,38.46153846153848,0.0,0.0
530,2010,NOV,17.1,,,216.66666666666666,0.0,0.0
531,2011,NOV,17.1,,,0.0,0.0,0.0
532,2012,NOV,14.7,,,-14.035087719298255,0.0,0.0
533,2013,NOV,10.9,,,-25.850340136054417,0.0,0.0
534,2014,NOV,10.9,,,0.0,0.0,0.0
535,2015,NOV,12.4,,,13.761467889908264,0.0,0.0
536,2016,NOV,12.4,,,0.0,0.0,0.0
537,2017,NOV,12.4,,,0.0,0.0,0.0
538,2018,NOV,21.7,1010.0,1990.0,75.0,0.0,0.0
539,2019,NOV,,,,0.0,0.0,0.0
540,2005,NRG,,,,0.0,0.0,0.0
541,2006,NRG,,,,0.0,0.0,0.0
542,2007,NRG,1.6,,,0.0,0.0,0.0
543,2008,NRG,1.6,,,0.0,0.0,0.0
544,2009,NRG,31.8,59000.0,,1887.5,0.0,0.0
545,2010,NRG,41.9,57000.0,,31.761006289308156,-3.3898305084745783,0.0
546,2011,NRG,57.4,60000.0,237087.0,36.9928400954654,5.263157894736836,0.0
547,2012,NRG,45.7,47000.0,161686.0,-20.38327526132403,-21.666666666666668,-31.803093379223657
548,2013,NRG,31.0,75000.0,,-32.16630196936543,59.57446808510638,0.0
549,2014,NRG,32.6,102000.0,,5.161290322580658,36.00000000000001,0.0
550,2015,NRG,48.8,89214.1,365611.0,49.69325153374231,-12.535196078431365,0.0
551,2016,NRG,53.5,68624.2,18098.0,9.63114754098362,-23.079199364226067,-95.04993011698227
552,2017,NRG,50.4,51000.0,172209.0,-5.794392523364489,-25.682193745063685,851.5360813349541
553,2018,NRG,48.8,49711.2,156405.0,-3.1746031746031744,-2.5270588235294156,-9.177220702750732
554,2019,NRG,,39000.0,,0.0,-21.54685463235648,0.0
555,2005,OKE,,,,0.0,0.0,0.0
556,2006,OKE,,,,0.0,0.0,0.0
557,2007,OKE,,,,0.0,0.0,0.0
558,2008,OKE,11.6,4900.0,,0.0,0.0,0.0
559,2009,OKE,24.0,4300.0,,106.89655172413795,-12.244897959183676,0.0
560,2010,OKE,23.1,1100.0,,-3.749999999999998,-74.4186046511628,0.0
561,2011,OKE,23.1,1400.0,,0.0,27.27272727272727,0.0
562,2012,OKE,23.1,1500.0,,0.0,7.14285714285714,0.0
563,2013,OKE,23.1,1700.0,,0.0,13.33333333333333,0.0
564,2014,OKE,23.1,1900.0,,0.0,11.764705882352944,0.0
565,2015,OKE,28.1,1900.0,,21.645021645021643,0.0,0.0
566,2016,OKE,28.1,2500.0,,0.0,31.578947368421062,0.0
567,2017,OKE,37.2,2900.0,,32.38434163701067,15.999999999999993,0.0
568,2018,OKE,43.8,3200.0,,17.741935483870954,10.344827586206895,0.0
569,2019,OKE,62.8,3800.0,,43.37899543378996,18.75,0.0
570,2005,OXY,33.1,8500.0,,0.0,0.0,0.0
571,2006,OXY,29.8,10230.0,,-9.969788519637468,20.352941176470594,0.0
572,2007,OXY,34.7,10000.0,,16.442953020134233,-2.2482893450635366,0.0
573,2008,OXY,33.1,10100.0,,-4.610951008645536,1.0000000000000009,0.0
574,2009,OXY,28.1,10300.0,,-15.105740181268878,1.980198019801982,0.0
575,2010,OXY,28.1,11200.0,,0.0,8.737864077669899,0.0
576,2011,OXY,34.7,12200.0,,23.48754448398578,8.92857142857142,0.0
577,2012,OXY,37.2,9800.0,71148.0,7.204610951008639,-19.672131147540984,0.0
578,2013,OXY,37.2,12500.0,64386.0,0.0,27.55102040816326,-9.50413223140496
579,2014,OXY,37.2,10400.0,66444.0,0.0,-16.800000000000004,3.1963470319634757
580,2015,OXY,46.3,9300.0,28169.2,24.462365591397827,-10.576923076923073,-57.60459936186864
581,2016,OXY,54.6,10450.0,62365.1,17.926565874730027,12.365591397849451,121.39464379535094
582,2017,OXY,58.7,11300.0,57531.7,7.509157509157505,8.133971291866038,-7.75016796253033
583,2018,OXY,60.3,10370.0,60000.0,2.72572402044291,-8.230088495575217,4.29033037438491
584,2019,OXY,62.8,22430.2,76361.8,4.1459369817578695,116.29893924783028,27.26966666666668
585,2005,PEG,,,,0.0,0.0,0.0
586,2006,PEG,17.2,25176.1,,0.0,0.0,0.0
587,2007,PEG,15.9,24420.0,,-7.558139534883712,-3.003245141225208,0.0
588,2008,PEG,20.0,23860.0,,25.786163522012572,-2.29320229320229,0.0
589,2009,PEG,49.7,20160.0,,148.50000000000003,-15.507124895222123,0.0
590,2010,PEG,33.8,22707.4,,-31.991951710261578,12.63591269841271,0.0
591,2011,PEG,26.9,16094.3,,-20.414201183431945,-29.12310524322468,0.0
592,2012,PEG,26.9,13929.4,,0.0,-13.451346128753661,0.0
593,2013,PEG,28.3,14955.6,,5.204460966542768,7.367151492526602,0.0
594,2014,PEG,25.5,15460.1,,-9.893992932862194,3.3733183556660995,0.0
595,2015,PEG,25.5,15129.7,,0.0,-2.1371142489375883,0.0
596,2016,PEG,34.5,13116.0,,35.29411764705883,-13.309583137801805,0.0
597,2017,PEG,46.2,12080.8,99316.0,33.913043478260875,-7.892650198231177,0.0
598,2018,PEG,39.3,13684.6,,-14.935064935064945,13.275610886696265,0.0
599,2019,PEG,49.0,13378.2,29474.7,24.6819338422392,-2.239013197316686,0.0
600,2005,PNW,,,,0.0,0.0,0.0
601,2006,PNW,,,,0.0,0.0,0.0
602,2007,PNW,33.1,,,0.0,0.0,0.0
603,2008,PNW,44.8,16379.4,,35.347432024169166,0.0,0.0
604,2009,PNW,46.9,15631.1,,4.6875,-4.568543414288673,0.0
605,2010,PNW,46.9,15245.4,,0.0,-2.467516681487547,0.0
606,2011,PNW,44.8,15272.7,,-4.477611940298509,0.17907040812310537,0.0
607,2012,PNW,42.8,14638.0,,-4.46428571428571,-4.155781230561728,0.0
608,2013,PNW,42.1,14227.3,,-1.635514018691575,-2.8057111627271536,0.0
609,2014,PNW,40.7,14443.6,,-3.32541567695962,1.520316574473024,0.0
610,2015,PNW,50.3,13635.4,25307.6,23.587223587223583,-5.5955578941538135,0.0
611,2016,PNW,51.7,10112.3,24793.4,2.7833001988071704,-25.837892544406472,-2.0318007238932068
612,2017,PNW,51.7,10822.5,31238.3,0.0,7.023130247322573,25.994417869271658
613,2018,PNW,51.7,12008.5,32646.0,0.0,10.958650958650962,4.5063271688920326
614,2019,PNW,51.7,12298.8,33402.4,0.0,2.4174543032018825,2.316976046069974
615,2005,PPL,,,,0.0,0.0,0.0
616,2006,PPL,20.0,,,0.0,0.0,0.0
617,2007,PPL,22.1,,,10.499999999999998,0.0,0.0
618,2008,PPL,17.2,,,-22.171945701357476,0.0,0.0
619,2009,PPL,15.9,,,-7.558139534883712,0.0,0.0
620,2010,PPL,13.8,,,-13.207547169811317,0.0,0.0
621,2011,PPL,10.3,,,-25.36231884057971,0.0,0.0
622,2012,PPL,10.3,,,0.0,0.0,0.0
623,2013,PPL,16.6,,,61.165048543689316,0.0,0.0
624,2014,PPL,19.3,,,16.26506024096386,0.0,0.0
625,2015,PPL,42.8,30382.3,414.7,121.76165803108807,0.0,0.0
626,2016,PPL,40.7,28941.8,395.6,-4.906542056074759,-4.741247371002199,-4.605739088497696
627,2017,PPL,45.5,28587.4,404.6,11.793611793611781,-1.224526463454234,2.275025278058651
628,2018,PPL,45.5,29618.4,412.7,0.0,3.6064839754577083,2.0019772614928266
629,2019,PPL,46.9,26851.6,413.7,3.076923076923066,-9.341490424871035,0.24230676035861265
630,2005,PSX,,,,0.0,0.0,0.0
631,2006,PSX,,,,0.0,0.0,0.0
632,2007,PSX,,,,0.0,0.0,0.0
633,2008,PSX,,,,0.0,0.0,0.0
634,2009,PSX,,,,0.0,0.0,0.0
635,2010,PSX,,,,0.0,0.0,0.0
636,2011,PSX,,,,0.0,0.0,0.0
637,2012,PSX,2.3,,,0.0,0.0,0.0
638,2013,PSX,2.3,,,0.0,0.0,0.0
639,2014,PSX,6.2,,,169.5652173913044,0.0,0.0
640,2015,PSX,26.4,28200.0,141120.0,325.8064516129032,0.0,0.0
641,2016,PSX,26.4,29300.0,143472.0,0.0,3.900709219858145,1.6666666666666607
642,2017,PSX,33.3,26600.0,143472.0,26.136363636363626,-9.215017064846421,0.0
643,2018,PSX,33.3,26500.0,142002.0,0.0,-0.3759398496240629,-1.0245901639344246
644,2019,PSX,35.7,30500.0,144942.0,7.207207207207222,15.094339622641506,2.0703933747411973
645,2005,PXD,,,,0.0,0.0,0.0
646,2006,PXD,,,,0.0,0.0,0.0
647,2007,PXD,,,,0.0,0.0,0.0
648,2008,PXD,,,,0.0,0.0,0.0
649,2009,PXD,1.7,,,0.0,0.0,0.0
650,2010,PXD,1.7,,,0.0,0.0,0.0
651,2011,PXD,1.7,,,0.0,0.0,0.0
652,2012,PXD,5.8,,,241.17647058823528,0.0,0.0
653,2013,PXD,4.1,,,-29.31034482758621,0.0,0.0
654,2014,PXD,8.3,,,102.43902439024394,0.0,0.0
655,2015,PXD,8.3,,,0.0,0.0,0.0
656,2016,PXD,14.9,,,79.51807228915662,0.0,0.0
657,2017,PXD,21.5,,,44.29530201342282,0.0,0.0
658,2018,PXD,24.8,,,15.348837209302335,0.0,0.0
659,2019,PXD,39.7,2002.1,,60.08064516129033,0.0,0.0
660,2005,SLB,,,,0.0,0.0,0.0
661,2006,SLB,11.6,,5277.8,0.0,0.0,0.0
662,2007,SLB,18.6,,5555.6,60.34482758620692,0.0,5.263556785024059
663,2008,SLB,20.9,,6111.1,12.365591397849451,0.0,9.998920008639933
664,2009,SLB,27.9,1500.0,5277.8,33.49282296650718,0.0,-13.63584297425996
665,2010,SLB,31.8,1610.0,4166.7,13.978494623655923,7.333333333333325,-21.052332411231955
666,2011,SLB,29.5,1900.0,5500.0,-7.232704402515722,18.012422360248447,31.99894400844794
667,2012,SLB,34.1,2200.0,5500.0,15.593220338983048,15.789473684210531,0.0
668,2013,SLB,37.2,1790.0,9820.0,9.090909090909104,-18.63636363636364,78.54545454545455
669,2014,SLB,54.3,2100.0,9450.0,45.96774193548385,17.31843575418994,-3.7678207739307523
670,2015,SLB,60.5,1400.0,6275.0,11.418047882136296,-33.333333333333336,-33.597883597883595
671,2016,SLB,52.7,1136.0,5506.0,-12.892561983471074,-18.85714285714286,-12.254980079681276
672,2017,SLB,51.2,1358.0,6644.0,-2.8462998102466774,19.542253521126753,20.668361787141308
673,2018,SLB,48.8,1423.0,6814.0,-4.687500000000011,4.786450662739328,2.5586995785671363
674,2019,SLB,46.5,1629.0,7718.0,-4.713114754098358,14.476458186929019,13.266803639565605
675,2005,SO,22.8,,,0.0,0.0,0.0
676,2006,SO,24.8,,,8.771929824561408,0.0,0.0
677,2007,SO,24.8,,,0.0,0.0,0.0
678,2008,SO,31.0,,,25.0,0.0,0.0
679,2009,SO,29.0,,,-6.451612903225811,0.0,0.0
680,2010,SO,26.9,,,-7.241379310344831,0.0,0.0
681,2011,SO,26.2,,,-2.6022304832713727,0.0,0.0
682,2012,SO,30.3,,,15.64885496183206,0.0,0.0
683,2013,SO,29.7,,,-1.980198019801982,0.0,0.0
684,2014,SO,24.1,,,-18.855218855218848,0.0,0.0
685,2015,SO,26.2,,,8.713692946058082,0.0,0.0
686,2016,SO,27.6,,,5.343511450381677,0.0,0.0
687,2017,SO,29.0,,,5.072463768115942,0.0,0.0
688,2018,SO,34.5,96600.0,,18.965517241379317,0.0,0.0
689,2019,SO,49.0,88213.6,170858.0,42.02898550724639,-8.6815734989648,0.0
690,2005,SRE,,,,0.0,0.0,0.0
691,2006,SRE,2.1,,,0.0,0.0,0.0
692,2007,SRE,11.0,,,423.8095238095238,0.0,0.0
693,2008,SRE,19.3,,,75.45454545454547,0.0,0.0
694,2009,SRE,32.4,10300.0,,67.87564766839378,0.0,0.0
695,2010,SRE,35.9,9900.0,,10.802469135802472,-3.8834951456310662,0.0
696,2011,SRE,35.9,8100.0,,0.0,-18.181818181818176,0.0
697,2012,SRE,35.9,7700.0,,0.0,-4.938271604938271,0.0
698,2013,SRE,37.9,7600.0,,5.571030640668528,-1.2987012987012991,0.0
699,2014,SRE,40.7,6700.0,,7.387862796833788,-11.842105263157897,0.0
700,2015,SRE,44.8,8200.0,,10.073710073710052,22.388059701492537,0.0
701,2016,SRE,47.6,4700.0,,6.25,-42.6829268292683,0.0
702,2017,SRE,47.6,5100.0,,0.0,8.51063829787233,0.0
703,2018,SRE,45.5,6000.0,,-4.4117647058823595,17.647058823529417,0.0
704,2019,SRE,58.6,5700.0,20209.7,28.7912087912088,-5.000000000000004,0.0
705,2005,VLO,,,,0.0,0.0,0.0
706,2006,VLO,,,,0.0,0.0,0.0
707,2007,VLO,1.6,,,0.0,0.0,0.0
708,2008,VLO,8.5,32400.0,,431.25,0.0,0.0
709,2009,VLO,6.2,,,-27.058823529411757,0.0,0.0
710,2010,VLO,6.2,,,0.0,0.0,0.0
711,2011,VLO,8.5,27400.0,,37.09677419354838,0.0,0.0
712,2012,VLO,10.1,,,18.823529411764707,0.0,0.0
713,2013,VLO,10.1,,,0.0,0.0,0.0
714,2014,VLO,10.1,,,0.0,0.0,0.0
715,2015,VLO,11.6,,,14.851485148514843,0.0,0.0
716,2016,VLO,13.2,,,13.793103448275868,0.0,0.0
717,2017,VLO,14.7,,,11.363636363636353,0.0,0.0
718,2018,VLO,14.7,,,0.0,0.0,0.0
719,2019,VLO,27.1,24800.0,,84.35374149659867,0.0,0.0
720,2005,WEC,,,,0.0,0.0,0.0
721,2006,WEC,39.3,20791.0,,0.0,0.0,0.0
722,2007,WEC,38.6,21925.0,,-1.781170483460548,5.454283103265833,0.0
723,2008,WEC,37.2,21680.0,,-3.626943005181338,-1.1174458380843744,0.0
724,2009,WEC,33.8,18685.0,,-9.139784946236574,-13.814575645756456,0.0
725,2010,WEC,35.2,21589.0,,4.142011834319548,15.541878512175543,0.0
726,2011,WEC,33.1,30220.0,,-5.9659090909090935,39.978692852841725,0.0
727,2012,WEC,33.1,26135.0,,0.0,-13.517538054268696,0.0
728,2013,WEC,33.1,30550.0,,0.0,16.893055289841218,0.0
729,2014,WEC,33.1,29762.0,,0.0,-2.5793780687397683,0.0
730,2015,WEC,33.1,31207.0,,0.0,4.855184463409712,0.0
731,2016,WEC,33.1,29058.0,,0.0,-6.886275515108786,0.0
732,2017,WEC,45.5,30206.3,102422.0,37.46223564954683,3.9517516690756427,0.0
733,2018,WEC,49.7,27029.0,97533.0,9.230769230769242,-10.518666635768037,-4.773388529808054
734,2019,WEC,47.6,22067.0,88000.0,-4.225352112676061,-18.358059861630103,-9.774127731126903
735,2005,WMB,,,,0.0,0.0,0.0
736,2006,WMB,,,,0.0,0.0,0.0
737,2007,WMB,20.7,,,0.0,0.0,0.0
738,2008,WMB,19.0,,,-8.212560386473422,0.0,0.0
739,2009,WMB,24.0,15779.1,,26.315789473684205,0.0,0.0
740,2010,WMB,10.7,,,-55.41666666666667,0.0,0.0
741,2011,WMB,8.3,,,-22.429906542056067,0.0,0.0
742,2012,WMB,8.3,,,0.0,0.0,0.0
743,2013,WMB,8.3,,,0.0,0.0,0.0
744,2014,WMB,14.9,,,79.51807228915662,0.0,0.0
745,2015,WMB,16.5,,,10.738255033557053,0.0,0.0
746,2016,WMB,24.0,13270.0,,45.45454545454546,0.0,0.0
747,2017,WMB,24.0,12240.0,,0.0,-7.7618688771665445,0.0
748,2018,WMB,43.0,10700.0,46535.7,79.16666666666667,-12.581699346405228,0.0
749,2019,WMB,45.5,11180.0,47577.9,5.813953488372103,4.485981308411224,2.2395709100754946
750,2005,XEL,,,,0.0,0.0,0.0
751,2006,XEL,15.2,,,0.0,0.0,0.0
752,2007,XEL,28.3,,,86.1842105263158,0.0,0.0
753,2008,XEL,33.8,,,19.434628975265,0.0,0.0
754,2009,XEL,37.9,,,12.130177514792905,0.0,0.0
755,2010,XEL,42.8,,,12.928759894459096,0.0,0.0
756,2011,XEL,35.9,,,-16.121495327102796,0.0,0.0
757,2012,XEL,40.7,,,13.370473537604477,0.0,0.0
758,2013,XEL,50.3,53075.7,,23.587223587223583,0.0,0.0
759,2014,XEL,45.5,52982.8,,-9.542743538767395,-0.17503301887680234,0.0
760,2015,XEL,57.2,52140.4,,25.71428571428571,-1.5899499460202193,0.0
761,2016,XEL,57.2,48472.9,,0.0,-7.033893104003807,0.0
762,2017,XEL,53.1,47194.4,,-7.167832167832167,-2.637556242766581,0.0
763,2018,XEL,64.1,47234.7,179760.0,20.715630885122405,0.08539148712558564,0.0
764,2019,XEL,,44055.9,,0.0,-6.729798220376115,0.0
765,2005,XOM,,,,0.0,0.0,0.0
766,2006,XOM,43.8,145500.0,433650.0,0.0,0.0,0.0
767,2007,XOM,46.3,141000.0,430556.0,5.707762557077634,-3.0927835051546393,-0.7134786117836911
768,2008,XOM,46.3,126000.0,416667.0,0.0,-10.63829787234043,-3.2258289281765884
769,2009,XOM,52.9,128000.0,405639.0,14.254859611231097,1.5873015873015817,-2.646717882625693
770,2010,XOM,54.6,132000.0,408333.0,3.2136105860113506,3.125,0.6641373240738657
771,2011,XOM,54.6,136000.0,430556.0,0.0,3.0303030303030276,5.442371789691247
772,2012,XOM,55.4,132000.0,416667.0,1.46520146520146,-2.941176470588236,-3.2258289281765884
773,2013,XOM,55.4,135000.0,416667.0,0.0,2.2727272727272707,0.0
774,2014,XOM,55.4,121000.0,444444.0,0.0,-10.370370370370374,6.666474666820266
775,2015,XOM,55.4,118000.0,472222.0,0.0,-2.4793388429752095,6.250056250056257
776,2016,XOM,53.7,120000.0,416667.0,-3.068592057761721,1.6949152542372836,-11.764593771573539
777,2017,XOM,53.7,117000.0,416667.0,0.0,-2.500000000000002,0.0
778,2018,XOM,53.7,119000.0,416667.0,0.0,1.7094017094017033,0.0
779,2019,XOM,56.2,114000.0,416667.0,4.655493482309114,-4.201680672268903,0.0
