gvkey,datadate,fyear,tic,cusip,conm,at,ni,sale,cik
001075,20051231,2005,PNW,723484101,PINNACLE WEST CAPITAL CORP,11322.6450,176.2670,2987.9550,0000764622
001075,20061231,2006,PNW,723484101,PINNACLE WEST CAPITAL CORP,11455.9430,327.2550,3401.7480,0000764622
001075,20071231,2007,PNW,723484101,PINNACLE WEST CAPITAL CORP,11243.7120,307.1430,3523.6200,0000764622
001075,20081231,2008,PNW,723484101,PINNACLE WEST CAPITAL CORP,11620.0930,242.1250,3367.0760,0000764622
001075,20091231,2009,PNW,723484101,PINNACLE WEST CAPITAL CORP,11808.1550,68.3300,3297.1010,0000764622
001075,20101231,2010,PNW,723484101,PINNACLE WEST CAPITAL CORP,12362.7030,350.0530,3263.6450,0000764622
001075,20111231,2011,PNW,723484101,PINNACLE WEST CAPITAL CORP,13111.0180,339.4730,3241.3790,0000764622
001075,20121231,2012,PNW,723484101,PINNACLE WEST CAPITAL CORP,13379.6150,381.5420,3301.8040,0000764622
001075,20131231,2013,PNW,723484101,PINNACLE WEST CAPITAL CORP,13508.6860,406.0740,3454.6280,0000764622
001075,20141231,2014,PNW,723484101,PINNACLE WEST CAPITAL CORP,14313.5320,397.5950,3491.6320,0000764622
001075,20151231,2015,PNW,723484101,PINNACLE WEST CAPITAL CORP,15028.2580,437.2570,3495.4430,0000764622
001075,20161231,2016,PNW,723484101,PINNACLE WEST CAPITAL CORP,16004.2530,442.0340,3498.6820,0000764622
001075,20171231,2017,PNW,723484101,PINNACLE WEST CAPITAL CORP,17019.0820,488.4560,3565.2960,0000764622
001075,20181231,2018,PNW,723484101,PINNACLE WEST CAPITAL CORP,17664.2020,511.0470,3691.2470,0000764622
001075,20191231,2019,PNW,723484101,PINNACLE WEST CAPITAL CORP,18479.2470,538.3200,3471.2090,0000764622
001380,20051231,2005,HES,42809H107,HESS CORP,19115.0000,1242.0000,22747.0000,0000004447
001380,20061231,2006,HES,42809H107,HESS CORP,22404.0000,1916.0000,28067.0000,0000004447
001380,20071231,2007,HES,42809H107,HESS CORP,26131.0000,1832.0000,31711.0000,0000004447
001380,20081231,2008,HES,42809H107,HESS CORP,28589.0000,2360.0000,41165.0000,0000004447
001380,20091231,2009,HES,42809H107,HESS CORP,29465.0000,740.0000,29614.0000,0000004447
001380,20101231,2010,HES,42809H107,HESS CORP,35396.0000,2125.0000,33862.0000,0000004447
001380,20111231,2011,HES,42809H107,HESS CORP,39136.0000,1703.0000,38466.0000,0000004447
001380,20121231,2012,HES,42809H107,HESS CORP,43441.0000,2025.0000,37691.0000,0000004447
001380,20131231,2013,HES,42809H107,HESS CORP,42754.0000,5052.0000,22284.0000,0000004447
001380,20141231,2014,HES,42809H107,HESS CORP,38578.0000,2317.0000,10737.0000,0000004447
001380,20151231,2015,HES,42809H107,HESS CORP,34195.0000,-3056.0000,6636.0000,0000004447
001380,20161231,2016,HES,42809H107,HESS CORP,28621.0000,-6132.0000,4762.0000,0000004447
001380,20171231,2017,HES,42809H107,HESS CORP,23112.0000,-4074.0000,5466.0000,0000004447
001380,20181231,2018,HES,42809H107,HESS CORP,21433.0000,-282.0000,6323.0000,0000004447
001380,20191231,2019,HES,42809H107,HESS CORP,21782.0000,-408.0000,6495.0000,0000004447
001440,20051231,2005,AEP,025537101,AMERICAN ELECTRIC POWER CO,36172.0000,821.0000,12111.0000,0000004904
001440,20061231,2006,AEP,025537101,AMERICAN ELECTRIC POWER CO,37987.0000,1005.0000,12622.0000,0000004904
001440,20071231,2007,AEP,025537101,AMERICAN ELECTRIC POWER CO,40366.0000,1092.0000,13380.0000,0000004904
001440,20081231,2008,AEP,025537101,AMERICAN ELECTRIC POWER CO,45155.0000,1383.0000,14440.0000,0000004904
001440,20091231,2009,AEP,025537101,AMERICAN ELECTRIC POWER CO,48348.0000,1360.0000,13489.0000,0000004904
001440,20101231,2010,AEP,025537101,AMERICAN ELECTRIC POWER CO,50455.0000,1214.0000,14427.0000,0000004904
001440,20111231,2011,AEP,025537101,AMERICAN ELECTRIC POWER CO,52223.0000,1946.0000,15116.0000,0000004904
001440,20121231,2012,AEP,025537101,AMERICAN ELECTRIC POWER CO,54367.0000,1259.0000,14945.0000,0000004904
001440,20131231,2013,AEP,025537101,AMERICAN ELECTRIC POWER CO,56414.0000,1480.0000,15357.0000,0000004904
001440,20141231,2014,AEP,025537101,AMERICAN ELECTRIC POWER CO,59633.0000,1634.0000,17020.0000,0000004904
001440,20151231,2015,AEP,025537101,AMERICAN ELECTRIC POWER CO,61683.1000,2047.1000,16453.2000,0000004904
001440,20161231,2016,AEP,025537101,AMERICAN ELECTRIC POWER CO,63467.7000,610.9000,16380.1000,0000004904
001440,20171231,2017,AEP,025537101,AMERICAN ELECTRIC POWER CO,64729.1000,1912.6000,15424.9000,0000004904
001440,20181231,2018,AEP,025537101,AMERICAN ELECTRIC POWER CO,68802.8000,1923.8000,16195.7000,0000004904
001440,20191231,2019,AEP,025537101,AMERICAN ELECTRIC POWER CO,75892.3000,1921.1000,15561.4000,0000004904
001678,20051231,2005,APA,037411105,APACHE CORP,19271.7960,2623.7300,7457.2910,0000006769
001678,20061231,2006,APA,037411105,APACHE CORP,24308.1750,2552.4510,8074.2530,0000006769
001678,20071231,2007,APA,037411105,APACHE CORP,28634.6510,2812.3580,9961.9820,0000006769
001678,20081231,2008,APA,037411105,APACHE CORP,29186.4850,711.9540,12327.8390,0000006769
001678,20091231,2009,APA,037411105,APACHE CORP,28185.7430,-284.3980,8573.9270,0000006769
001678,20101231,2010,APA,037411105,APACHE CORP,43425.0000,3032.0000,12183.0000,0000006769
001678,20111231,2011,APA,037411105,APACHE CORP,52051.0000,4584.0000,16810.0000,0000006769
001678,20121231,2012,APA,037411105,APACHE CORP,60737.0000,2001.0000,16947.0000,0000006769
001678,20131231,2013,APA,037411105,APACHE CORP,61637.0000,2232.0000,16402.0000,0000006769
001678,20141231,2014,APA,037411105,APACHE CORP,55952.0000,-5403.0000,13749.0000,0000006769
001678,20151231,2015,APA,037411105,APACHE CORP,18842.0000,-23119.0000,6383.0000,0000006769
001678,20161231,2016,APA,037411105,APACHE CORP,22519.0000,-1405.0000,5367.0000,0000006769
001678,20171231,2017,APA,037411105,APACHE CORP,21922.0000,1304.0000,5752.0000,0000006769
001678,20181231,2018,APA,037411105,APACHE CORP,21582.0000,40.0000,7331.0000,0000006769
001678,20191231,2019,APA,037411105,APACHE CORP,18107.0000,-3553.0000,6280.0000,0000006769
002991,20051231,2005,CVX,166764100,CHEVRON CORP,125833.0000,14099.0000,184922.0000,0000093410
002991,20061231,2006,CVX,166764100,CHEVRON CORP,132628.0000,17138.0000,195341.0000,0000093410
002991,20071231,2007,CVX,166764100,CHEVRON CORP,148786.0000,18688.0000,203970.0000,0000093410
002991,20081231,2008,CVX,166764100,CHEVRON CORP,161165.0000,23931.0000,255112.0000,0000093410
002991,20091231,2009,CVX,166764100,CHEVRON CORP,164621.0000,10483.0000,159293.0000,0000093410
002991,20101231,2010,CVX,166764100,CHEVRON CORP,184769.0000,19024.0000,189607.0000,0000093410
002991,20111231,2011,CVX,166764100,CHEVRON CORP,209474.0000,26895.0000,236286.0000,0000093410
002991,20121231,2012,CVX,166764100,CHEVRON CORP,232982.0000,26179.0000,222580.0000,0000093410
002991,20131231,2013,CVX,166764100,CHEVRON CORP,253753.0000,21423.0000,211664.0000,0000093410
002991,20141231,2014,CVX,166764100,CHEVRON CORP,266026.0000,19241.0000,192308.0000,0000093410
002991,20151231,2015,CVX,166764100,CHEVRON CORP,266103.0000,4587.0000,122566.0000,0000093410
002991,20161231,2016,CVX,166764100,CHEVRON CORP,260078.0000,-497.0000,103310.0000,0000093410
002991,20171231,2017,CVX,166764100,CHEVRON CORP,253806.0000,9195.0000,127485.0000,0000093410
002991,20181231,2018,CVX,166764100,CHEVRON CORP,253863.0000,14824.0000,158902.0000,0000093410
002991,20191231,2019,CVX,166764100,CHEVRON CORP,237428.0000,2924.0000,139865.0000,0000093410
003413,20051231,2005,ED,209115104,CONSOLIDATED EDISON INC,24850.0000,730.0000,11690.0000,0001047862
003413,20061231,2006,ED,209115104,CONSOLIDATED EDISON INC,26699.0000,748.0000,12137.0000,0001047862
003413,20071231,2007,ED,209115104,CONSOLIDATED EDISON INC,28343.0000,940.0000,13120.0000,0001047862
003413,20081231,2008,ED,209115104,CONSOLIDATED EDISON INC,33498.0000,1207.0000,13583.0000,0001047862
003413,20091231,2009,ED,209115104,CONSOLIDATED EDISON INC,33873.0000,879.0000,13032.0000,0001047862
003413,20101231,2010,ED,209115104,CONSOLIDATED EDISON INC,36146.0000,1003.0000,13325.0000,0001047862
003413,20111231,2011,ED,209115104,CONSOLIDATED EDISON INC,39214.0000,1062.0000,12938.0000,0001047862
003413,20121231,2012,ED,209115104,CONSOLIDATED EDISON INC,41209.0000,1141.0000,12188.0000,0001047862
003413,20131231,2013,ED,209115104,CONSOLIDATED EDISON INC,40647.0000,1062.0000,12354.0000,0001047862
003413,20141231,2014,ED,209115104,CONSOLIDATED EDISON INC,44308.0000,1092.0000,12919.0000,0001047862
003413,20151231,2015,ED,209115104,CONSOLIDATED EDISON INC,45642.0000,1193.0000,12554.0000,0001047862
003413,20161231,2016,ED,209115104,CONSOLIDATED EDISON INC,48255.0000,1245.0000,12075.0000,0001047862
003413,20171231,2017,ED,209115104,CONSOLIDATED EDISON INC,48111.0000,1525.0000,12033.0000,0001047862
003413,20181231,2018,ED,209115104,CONSOLIDATED EDISON INC,53920.0000,1382.0000,12337.0000,0001047862
003413,20191231,2019,ED,209115104,CONSOLIDATED EDISON INC,58079.0000,1343.0000,12574.0000,0001047862
003413,20201231,2020,ED,209115104,CONSOLIDATED EDISON INC,62895.0000,1101.0000,12246.0000,0001047862
003439,20051231,2005,CMS,125896100,CMS ENERGY CORP,16020.0000,-79.0000,6288.0000,0000811156
003439,20061231,2006,CMS,125896100,CMS ENERGY CORP,15371.0000,-74.0000,6810.0000,0000811156
003439,20071231,2007,CMS,125896100,CMS ENERGY CORP,14196.0000,-213.0000,6464.0000,0000811156
003439,20081231,2008,CMS,125896100,CMS ENERGY CORP,14901.0000,300.0000,6821.0000,0000811156
003439,20091231,2009,CMS,125896100,CMS ENERGY CORP,15256.0000,229.0000,6205.0000,0000811156
003439,20101231,2010,CMS,125896100,CMS ENERGY CORP,15616.0000,340.0000,6432.0000,0000811156
003439,20111231,2011,CMS,125896100,CMS ENERGY CORP,16452.0000,415.0000,6503.0000,0000811156
003439,20121231,2012,CMS,125896100,CMS ENERGY CORP,17131.0000,382.0000,6312.0000,0000811156
003439,20131231,2013,CMS,125896100,CMS ENERGY CORP,17416.0000,452.0000,6566.0000,0000811156
003439,20141231,2014,CMS,125896100,CMS ENERGY CORP,19185.0000,477.0000,7179.0000,0000811156
003439,20151231,2015,CMS,125896100,CMS ENERGY CORP,20340.0000,523.0000,6456.0000,0000811156
003439,20161231,2016,CMS,125896100,CMS ENERGY CORP,21622.0000,551.0000,6399.0000,0000811156
003439,20171231,2017,CMS,125896100,CMS ENERGY CORP,23050.0000,460.0000,6583.0000,0000811156
003439,20181231,2018,CMS,125896100,CMS ENERGY CORP,24529.0000,657.0000,6873.0000,0000811156
003439,20191231,2019,CMS,125896100,CMS ENERGY CORP,26837.0000,680.0000,6845.0000,0000811156
003439,20201231,2020,CMS,125896100,CMS ENERGY CORP,29666.0000,755.0000,6680.0000,0000811156
003897,20051231,2005,DTE,233331107,DTE ENERGY CO,23335.0000,537.0000,9022.0000,0000936340
003897,20061231,2006,DTE,233331107,DTE ENERGY CO,23785.0000,433.0000,9022.0000,0000936340
003897,20071231,2007,DTE,233331107,DTE ENERGY CO,23754.0000,971.0000,8506.0000,0000936340
003897,20081231,2008,DTE,233331107,DTE ENERGY CO,24590.0000,546.0000,9329.0000,0000936340
003897,20091231,2009,DTE,233331107,DTE ENERGY CO,24195.0000,532.0000,8014.0000,0000936340
003897,20101231,2010,DTE,233331107,DTE ENERGY CO,24896.0000,630.0000,8557.0000,0000936340
003897,20111231,2011,DTE,233331107,DTE ENERGY CO,26009.0000,711.0000,8897.0000,0000936340
003897,20121231,2012,DTE,233331107,DTE ENERGY CO,26339.0000,610.0000,8791.0000,0000936340
003897,20131231,2013,DTE,233331107,DTE ENERGY CO,25935.0000,661.0000,9661.0000,0000936340
003897,20141231,2014,DTE,233331107,DTE ENERGY CO,27974.0000,905.0000,12301.0000,0000936340
003897,20151231,2015,DTE,233331107,DTE ENERGY CO,28737.0000,727.0000,10337.0000,0000936340
003897,20161231,2016,DTE,233331107,DTE ENERGY CO,32041.0000,868.0000,10630.0000,0000936340
003897,20171231,2017,DTE,233331107,DTE ENERGY CO,33767.0000,1134.0000,12607.0000,0000936340
003897,20181231,2018,DTE,233331107,DTE ENERGY CO,36288.0000,1120.0000,14212.0000,0000936340
003897,20191231,2019,DTE,233331107,DTE ENERGY CO,41882.0000,1169.0000,12669.0000,0000936340
004029,20051231,2005,D,25746U109,DOMINION ENERGY INC,52660.0000,1049.0000,18041.0000,0000715957
004029,20061231,2006,D,25746U109,DOMINION ENERGY INC,49269.0000,1396.0000,16482.0000,0000715957
004029,20071231,2007,D,25746U109,DOMINION ENERGY INC,39123.0000,2555.0000,15674.0000,0000715957
004029,20081231,2008,D,25746U109,DOMINION ENERGY INC,42053.0000,1851.0000,16290.0000,0000715957
004029,20091231,2009,D,25746U109,DOMINION ENERGY INC,42554.0000,1287.0000,15131.0000,0000715957
004029,20101231,2010,D,25746U109,DOMINION ENERGY INC,42817.0000,2808.0000,15197.0000,0000715957
004029,20111231,2011,D,25746U109,DOMINION ENERGY INC,45614.0000,1408.0000,14379.0000,0000715957
004029,20121231,2012,D,25746U109,DOMINION ENERGY INC,46838.0000,302.0000,13093.0000,0000715957
004029,20131231,2013,D,25746U109,DOMINION ENERGY INC,50096.0000,1697.0000,13120.0000,0000715957
004029,20141231,2014,D,25746U109,DOMINION ENERGY INC,54327.0000,1310.0000,12436.0000,0000715957
004029,20151231,2015,D,25746U109,DOMINION ENERGY INC,58797.0000,1899.0000,11683.0000,0000715957
004029,20161231,2016,D,25746U109,DOMINION ENERGY INC,71610.0000,2123.0000,11737.0000,0000715957
004029,20171231,2017,D,25746U109,DOMINION ENERGY INC,76585.0000,2999.0000,12586.0000,0000715957
004029,20181231,2018,D,25746U109,DOMINION ENERGY INC,77914.0000,2447.0000,13581.0000,0000715957
004029,20191231,2019,D,25746U109,DOMINION ENERGY INC,103823.0000,1358.0000,16572.0000,0000715957
004029,20201231,2020,D,25746U109,DOMINION ENERGY INC,95905.0000,-401.0000,14172.0000,0000715957
004093,20051231,2005,DUK,26441C204,DUKE ENERGY CORP,54723.0000,1824.0000,16746.0000,0001326160
004093,20061231,2006,DUK,26441C204,DUKE ENERGY CORP,68700.0000,1863.0000,15184.0000,0001326160
004093,20071231,2007,DUK,26441C204,DUKE ENERGY CORP,49704.0000,1500.0000,12720.0000,0001326160
004093,20081231,2008,DUK,26441C204,DUKE ENERGY CORP,53077.0000,1362.0000,13207.0000,0001326160
004093,20091231,2009,DUK,26441C204,DUKE ENERGY CORP,57040.0000,1075.0000,12731.0000,0001326160
004093,20101231,2010,DUK,26441C204,DUKE ENERGY CORP,59090.0000,1320.0000,14272.0000,0001326160
004093,20111231,2011,DUK,26441C204,DUKE ENERGY CORP,62526.0000,1706.0000,14529.0000,0001326160
004093,20121231,2012,DUK,26441C204,DUKE ENERGY CORP,113856.0000,1768.0000,19624.0000,0001326160
004093,20131231,2013,DUK,26441C204,DUKE ENERGY CORP,114779.0000,2665.0000,24549.0000,0001326160
004093,20141231,2014,DUK,26441C204,DUKE ENERGY CORP,120709.0000,1883.0000,23930.0000,0001326160
004093,20151231,2015,DUK,26441C204,DUKE ENERGY CORP,121156.0000,2816.0000,23459.0000,0001326160
004093,20161231,2016,DUK,26441C204,DUKE ENERGY CORP,132761.0000,2152.0000,22754.0000,0001326160
004093,20171231,2017,DUK,26441C204,DUKE ENERGY CORP,137914.0000,3059.0000,23565.0000,0001326160
004093,20181231,2018,DUK,26441C204,DUKE ENERGY CORP,145392.0000,2666.0000,24521.0000,0001326160
004093,20191231,2019,DUK,26441C204,DUKE ENERGY CORP,158838.0000,3748.0000,25079.0000,0001326160
004093,20201231,2020,DUK,26441C204,DUKE ENERGY CORP,162388.0000,1377.0000,24020.0000,0001326160
004383,20050930,2005,ATO,049560105,ATMOS ENERGY CORP,5653.5270,135.7850,4973.3260,0000731802
004383,20060930,2006,ATO,049560105,ATMOS ENERGY CORP,5719.5470,147.7370,6152.3630,0000731802
004383,20070930,2007,ATO,049560105,ATMOS ENERGY CORP,5896.9170,168.4920,5898.4310,0000731802
004383,20080930,2008,ATO,049560105,ATMOS ENERGY CORP,6386.6990,180.3310,7221.3050,0000731802
004383,20090930,2009,ATO,049560105,ATMOS ENERGY CORP,6343.7660,190.9780,4969.0800,0000731802
004383,20100930,2010,ATO,049560105,ATMOS ENERGY CORP,6763.7910,205.8390,4789.6900,0000731802
004383,20110930,2011,ATO,049560105,ATMOS ENERGY CORP,7282.8710,207.6010,4347.6340,0000731802
004383,20120930,2012,ATO,049560105,ATMOS ENERGY CORP,7495.6750,216.7170,3438.4830,0000731802
004383,20130930,2013,ATO,049560105,ATMOS ENERGY CORP,7940.4010,243.1940,3886.2570,0000731802
004383,20140930,2014,ATO,049560105,ATMOS ENERGY CORP,8594.7040,289.8170,4940.9160,0000731802
004383,20150930,2015,ATO,049560105,ATMOS ENERGY CORP,9092.9450,315.0750,4142.1360,0000731802
004383,20160930,2016,ATO,049560105,ATMOS ENERGY CORP,10010.8890,350.1040,3349.9490,0000731802
004383,20170930,2017,ATO,049560105,ATMOS ENERGY CORP,10749.5960,396.4210,2759.7350,0000731802
004383,20180930,2018,ATO,049560105,ATMOS ENERGY CORP,11874.4370,603.0640,3115.5460,0000731802
004383,20190930,2019,ATO,049560105,ATMOS ENERGY CORP,13367.6190,511.4060,2901.8480,0000731802
004383,20200930,2020,ATO,049560105,ATMOS ENERGY CORP,15359.0320,601.4430,2821.1370,0000731802
004503,20051231,2005,XOM,30231G102,EXXON MOBIL CORP,208335.0000,36130.0000,328213.0000,0000034088
004503,20061231,2006,XOM,30231G102,EXXON MOBIL CORP,219015.0000,39500.0000,335086.0000,0000034088
004503,20071231,2007,XOM,30231G102,EXXON MOBIL CORP,242082.0000,40610.0000,358600.0000,0000034088
004503,20081231,2008,XOM,30231G102,EXXON MOBIL CORP,228052.0000,45220.0000,425071.0000,0000034088
004503,20091231,2009,XOM,30231G102,EXXON MOBIL CORP,233323.0000,19280.0000,275564.0000,0000034088
004503,20101231,2010,XOM,30231G102,EXXON MOBIL CORP,302510.0000,30460.0000,341578.0000,0000034088
004503,20111231,2011,XOM,30231G102,EXXON MOBIL CORP,331052.0000,41060.0000,433526.0000,0000034088
004503,20121231,2012,XOM,30231G102,EXXON MOBIL CORP,333795.0000,44880.0000,420714.0000,0000034088
004503,20131231,2013,XOM,30231G102,EXXON MOBIL CORP,346808.0000,32580.0000,390247.0000,0000034088
004503,20141231,2014,XOM,30231G102,EXXON MOBIL CORP,349493.0000,32520.0000,364763.0000,0000034088
004503,20151231,2015,XOM,30231G102,EXXON MOBIL CORP,336758.0000,16150.0000,236810.0000,0000034088
004503,20161231,2016,XOM,30231G102,EXXON MOBIL CORP,330314.0000,7840.0000,197518.0000,0000034088
004503,20171231,2017,XOM,30231G102,EXXON MOBIL CORP,348691.0000,19710.0000,237162.0000,0000034088
004503,20181231,2018,XOM,30231G102,EXXON MOBIL CORP,346196.0000,20840.0000,279332.0000,0000034088
004503,20191231,2019,XOM,30231G102,EXXON MOBIL CORP,362597.0000,14340.0000,255583.0000,0000034088
004517,20051231,2005,NEE,65339F101,NEXTERA ENERGY INC,33004.0000,885.0000,11846.0000,0000753308
004517,20061231,2006,NEE,65339F101,NEXTERA ENERGY INC,35991.0000,1281.0000,15710.0000,0000753308
004517,20071231,2007,NEE,65339F101,NEXTERA ENERGY INC,40123.0000,1312.0000,15263.0000,0000753308
004517,20081231,2008,NEE,65339F101,NEXTERA ENERGY INC,44821.0000,1639.0000,16410.0000,0000753308
004517,20091231,2009,NEE,65339F101,NEXTERA ENERGY INC,48458.0000,1615.0000,15643.0000,0000753308
004517,20101231,2010,NEE,65339F101,NEXTERA ENERGY INC,52994.0000,1957.0000,15317.0000,0000753308
004517,20111231,2011,NEE,65339F101,NEXTERA ENERGY INC,57188.0000,1923.0000,15341.0000,0000753308
004517,20121231,2012,NEE,65339F101,NEXTERA ENERGY INC,64439.0000,1911.0000,14256.0000,0000753308
004517,20131231,2013,NEE,65339F101,NEXTERA ENERGY INC,69306.0000,1908.0000,15136.0000,0000753308
004517,20141231,2014,NEE,65339F101,NEXTERA ENERGY INC,74929.0000,2465.0000,17021.0000,0000753308
004517,20151231,2015,NEE,65339F101,NEXTERA ENERGY INC,82479.0000,2752.0000,17486.0000,0000753308
004517,20161231,2016,NEE,65339F101,NEXTERA ENERGY INC,89993.0000,2912.0000,16155.0000,0000753308
004517,20171231,2017,NEE,65339F101,NEXTERA ENERGY INC,97827.0000,5378.0000,17195.0000,0000753308
004517,20181231,2018,NEE,65339F101,NEXTERA ENERGY INC,103702.0000,6638.0000,16727.0000,0000753308
004517,20191231,2019,NEE,65339F101,NEXTERA ENERGY INC,117691.0000,3769.0000,19204.0000,0000753308
004517,20201231,2020,NEE,65339F101,NEXTERA ENERGY INC,127684.0000,2919.0000,17997.0000,0000753308
005439,20051231,2005,HAL,406216101,HALLIBURTON CO,15010.0000,2358.0000,21007.0000,0000045012
005439,20061231,2006,HAL,406216101,HALLIBURTON CO,16820.0000,2348.0000,22504.0000,0000045012
005439,20071231,2007,HAL,406216101,HALLIBURTON CO,13135.0000,3499.0000,15264.0000,0000045012
005439,20081231,2008,HAL,406216101,HALLIBURTON CO,14385.0000,1538.0000,18279.0000,0000045012
005439,20091231,2009,HAL,406216101,HALLIBURTON CO,16538.0000,1145.0000,14675.0000,0000045012
005439,20101231,2010,HAL,406216101,HALLIBURTON CO,18297.0000,1835.0000,17973.0000,0000045012
005439,20111231,2011,HAL,406216101,HALLIBURTON CO,23677.0000,2839.0000,24829.0000,0000045012
005439,20121231,2012,HAL,406216101,HALLIBURTON CO,27410.0000,2635.0000,28503.0000,0000045012
005439,20131231,2013,HAL,406216101,HALLIBURTON CO,29223.0000,2125.0000,29402.0000,0000045012
005439,20141231,2014,HAL,406216101,HALLIBURTON CO,32240.0000,3500.0000,32870.0000,0000045012
005439,20151231,2015,HAL,406216101,HALLIBURTON CO,36942.0000,-671.0000,23633.0000,0000045012
005439,20161231,2016,HAL,406216101,HALLIBURTON CO,27000.0000,-5763.0000,15887.0000,0000045012
005439,20171231,2017,HAL,406216101,HALLIBURTON CO,25085.0000,-463.0000,20620.0000,0000045012
005439,20181231,2018,HAL,406216101,HALLIBURTON CO,25982.0000,1656.0000,23995.0000,0000045012
005439,20191231,2019,HAL,406216101,HALLIBURTON CO,25377.0000,-1131.0000,22408.0000,0000045012
005439,20201231,2020,HAL,406216101,HALLIBURTON CO,20680.0000,-2945.0000,14445.0000,0000045012
005667,20051231,2005,HFC,436106108,HOLLYFRONTIER CORP,1142.9000,167.6580,3212.7450,0000048039
005667,20061231,2006,HFC,436106108,HOLLYFRONTIER CORP,1237.8690,266.5660,4023.2170,0000048039
005667,20071231,2007,HFC,436106108,HOLLYFRONTIER CORP,1663.9450,334.1280,4791.7420,0000048039
005667,20081231,2008,HFC,436106108,HOLLYFRONTIER CORP,1874.2250,120.5580,5867.6680,0000048039
005667,20091231,2009,HFC,436106108,HOLLYFRONTIER CORP,3145.9390,19.5330,4834.2680,0000048039
005667,20101231,2010,HFC,436106108,HOLLYFRONTIER CORP,3701.4750,103.9640,8322.9290,0000048039
005667,20111231,2011,HFC,436106108,HOLLYFRONTIER CORP,10314.6210,1023.3970,15439.5280,0000048039
005667,20121231,2012,HFC,436106108,HOLLYFRONTIER CORP,10328.9970,1727.1720,20090.7240,0000048039
005667,20131231,2013,HFC,436106108,HOLLYFRONTIER CORP,10056.7390,735.8420,20160.5600,0000048039
005667,20141231,2014,HFC,436106108,HOLLYFRONTIER CORP,9230.6400,281.2920,19764.3270,0000048039
005667,20151231,2015,HFC,436106108,HOLLYFRONTIER CORP,8388.2990,740.1010,13237.9200,0000048039
005667,20161231,2016,HFC,436106108,HOLLYFRONTIER CORP,9435.6610,-260.4530,10535.7000,0000048039
005667,20171231,2017,HFC,436106108,HOLLYFRONTIER CORP,10692.1540,805.3950,14251.2990,0000048039
005667,20181231,2018,HFC,436106108,HOLLYFRONTIER CORP,10994.6010,1097.9600,17714.6660,0000048039
005667,20191231,2019,HFC,436106108,HOLLYFRONTIER CORP,12164.8410,772.3880,17486.5780,0000048039
005742,20051231,2005,CNP,15189T107,CENTERPOINT ENERGY INC,17116.0000,252.0000,9722.0000,0001130310
005742,20061231,2006,CNP,15189T107,CENTERPOINT ENERGY INC,17633.0000,432.0000,9319.0000,0001130310
005742,20071231,2007,CNP,15189T107,CENTERPOINT ENERGY INC,17872.0000,399.0000,9623.0000,0001130310
005742,20081231,2008,CNP,15189T107,CENTERPOINT ENERGY INC,19676.0000,447.0000,11322.0000,0001130310
005742,20091231,2009,CNP,15189T107,CENTERPOINT ENERGY INC,19773.0000,372.0000,8281.0000,0001130310
005742,20101231,2010,CNP,15189T107,CENTERPOINT ENERGY INC,20111.0000,442.0000,8785.0000,0001130310
005742,20111231,2011,CNP,15189T107,CENTERPOINT ENERGY INC,21703.0000,1357.0000,8450.0000,0001130310
005742,20121231,2012,CNP,15189T107,CENTERPOINT ENERGY INC,22871.0000,417.0000,7452.0000,0001130310
005742,20131231,2013,CNP,15189T107,CENTERPOINT ENERGY INC,21870.0000,311.0000,8106.0000,0001130310
005742,20141231,2014,CNP,15189T107,CENTERPOINT ENERGY INC,23200.0000,611.0000,9226.0000,0001130310
005742,20151231,2015,CNP,15189T107,CENTERPOINT ENERGY INC,21334.0000,-692.0000,7386.0000,0001130310
005742,20161231,2016,CNP,15189T107,CENTERPOINT ENERGY INC,21829.0000,432.0000,7528.0000,0001130310
005742,20171231,2017,CNP,15189T107,CENTERPOINT ENERGY INC,22736.0000,1792.0000,9614.0000,0001130310
005742,20181231,2018,CNP,15189T107,CENTERPOINT ENERGY INC,27009.0000,368.0000,10589.0000,0001130310
005742,20191231,2019,CNP,15189T107,CENTERPOINT ENERGY INC,35439.0000,791.0000,12301.0000,0001130310
006310,20051231,2005,KMI,49456B101,KINDER MORGAN INC,17451.6140,554.6190,1585.7720,0001506307
006310,20061231,2006,KMI,49456B101,KINDER MORGAN INC,26795.6000,71.9000,11846.4000,0001506307
006310,20071231,2007,KMI,49456B101,KINDER MORGAN INC,36101.0000,312.9000,10559.8000,0001506307
006310,20081231,2008,KMI,49456B101,KINDER MORGAN INC,25444.9000,-3599.3000,12094.8000,0001506307
006310,20091231,2009,KMI,49456B101,KINDER MORGAN INC,27586.3000,496.0000,7185.2000,0001506307
006310,20101231,2010,KMI,49456B101,KINDER MORGAN INC,28908.1000,-41.3000,8190.6000,0001506307
006310,20111231,2011,KMI,49456B101,KINDER MORGAN INC,30717.0000,594.4000,8264.9000,0001506307
006310,20121231,2012,KMI,49456B101,KINDER MORGAN INC,68185.0000,315.0000,9973.0000,0001506307
006310,20131231,2013,KMI,49456B101,KINDER MORGAN INC,75185.0000,1193.0000,14070.0000,0001506307
006310,20141231,2014,KMI,49456B101,KINDER MORGAN INC,83198.0000,1026.0000,16226.0000,0001506307
006310,20151231,2015,KMI,49456B101,KINDER MORGAN INC,84104.0000,253.0000,14403.0000,0001506307
006310,20161231,2016,KMI,49456B101,KINDER MORGAN INC,80305.0000,708.0000,13058.0000,0001506307
006310,20171231,2017,KMI,49456B101,KINDER MORGAN INC,79055.0000,183.0000,13705.0000,0001506307
006310,20181231,2018,KMI,49456B101,KINDER MORGAN INC,78866.0000,1609.0000,14144.0000,0001506307
006310,20191231,2019,KMI,49456B101,KINDER MORGAN INC,74157.0000,2190.0000,13209.0000,0001506307
006310,20201231,2020,KMI,49456B101,KINDER MORGAN INC,71973.0000,119.0000,11700.0000,0001506307
006338,20051231,2005,EVRG,30034W106,EVERGY INC,5210.0690,135.6100,1583.2780,0001711269
006338,20061231,2006,EVRG,30034W106,EVERGY INC,5455.1750,165.3090,1605.7430,0001711269
006338,20071231,2007,EVRG,30034W106,EVERGY INC,6395.4300,168.3540,1726.8340,0001711269
006338,20081231,2008,EVRG,30034W106,EVERGY INC,7443.2590,178.1400,1838.9960,0001711269
006338,20091231,2009,EVRG,30034W106,EVERGY INC,7525.4830,175.0750,1858.2310,0001711269
006338,20101231,2010,EVRG,30034W106,EVERGY INC,8079.6380,203.8960,2056.1710,0001711269
006338,20111231,2011,EVRG,30034W106,EVERGY INC,8682.8510,230.2390,2170.9910,0001711269
006338,20121231,2012,EVRG,30034W106,EVERGY INC,9265.2310,275.1460,2261.4700,0001711269
006338,20131231,2013,EVRG,30034W106,EVERGY INC,9597.1110,292.5200,2370.6540,0001711269
006338,20141231,2014,EVRG,30034W106,EVERGY INC,10347.0010,313.2590,2601.7030,0001711269
006338,20151231,2015,EVRG,30034W106,EVERGY INC,10705.6660,291.9290,2459.1640,0001711269
006338,20161231,2016,EVRG,30034W106,EVERGY INC,11487.0740,346.5770,2562.0870,0001711269
006338,20171231,2017,EVRG,30034W106,EVERGY INC,11624.3680,323.9200,2571.0030,0001711269
006338,20181231,2018,EVRG,30034W106,EVERGY INC,25598.1000,535.8000,4348.1000,0001711269
006338,20191231,2019,EVRG,30034W106,EVERGY INC,25975.9000,669.9000,5147.8000,0001711269
007017,20051231,2005,MRO,565849106,MARATHON OIL CORP,28498.0000,3032.0000,58596.0000,0000101778
007017,20061231,2006,MRO,565849106,MARATHON OIL CORP,30831.0000,5234.0000,59917.0000,0000101778
007017,20071231,2007,MRO,565849106,MARATHON OIL CORP,42746.0000,3956.0000,59389.0000,0000101778
007017,20081231,2008,MRO,565849106,MARATHON OIL CORP,42686.0000,3528.0000,72128.0000,0000101778
007017,20091231,2009,MRO,565849106,MARATHON OIL CORP,47052.0000,1463.0000,48546.0000,0000101778
007017,20101231,2010,MRO,565849106,MARATHON OIL CORP,50014.0000,2568.0000,67113.0000,0000101778
007017,20111231,2011,MRO,565849106,MARATHON OIL CORP,31371.0000,2946.0000,14663.0000,0000101778
007017,20121231,2012,MRO,565849106,MARATHON OIL CORP,35306.0000,1582.0000,15688.0000,0000101778
007017,20131231,2013,MRO,565849106,MARATHON OIL CORP,35620.0000,1753.0000,14501.0000,0000101778
007017,20141231,2014,MRO,565849106,MARATHON OIL CORP,36011.0000,3046.0000,10846.0000,0000101778
007017,20151231,2015,MRO,565849106,MARATHON OIL CORP,32311.0000,-2204.0000,5522.0000,0000101778
007017,20161231,2016,MRO,565849106,MARATHON OIL CORP,31094.0000,-2140.0000,4031.0000,0000101778
007017,20171231,2017,MRO,565849106,MARATHON OIL CORP,22012.0000,-5723.0000,4373.0000,0000101778
007017,20181231,2018,MRO,565849106,MARATHON OIL CORP,21321.0000,1096.0000,5888.0000,0000101778
007017,20191231,2019,MRO,565849106,MARATHON OIL CORP,20245.0000,480.0000,4991.0000,0000101778
007017,20201231,2020,MRO,565849106,MARATHON OIL CORP,17956.0000,-1451.0000,3213.0000,0000101778
007366,20051231,2005,ETR,29364G103,ENTERGY CORP,30851.2690,923.7580,10106.2470,0000065984
007366,20061231,2006,ETR,29364G103,ENTERGY CORP,31082.7310,1160.3850,10932.1580,0000065984
007366,20071231,2007,ETR,29364G103,ENTERGY CORP,33643.0020,1159.9540,11484.3980,0000065984
007366,20081231,2008,ETR,29364G103,ENTERGY CORP,36616.8180,1240.5350,13093.7560,0000065984
007366,20091231,2009,ETR,29364G103,ENTERGY CORP,37364.5970,1251.0500,10745.6500,0000065984
007366,20101231,2010,ETR,29364G103,ENTERGY CORP,38685.2760,1270.3050,11487.5770,0000065984
007366,20111231,2011,ETR,29364G103,ENTERGY CORP,40701.6990,1367.3720,11229.0730,0000065984
007366,20121231,2012,ETR,29364G103,ENTERGY CORP,43202.5020,868.3630,10302.0790,0000065984
007366,20131231,2013,ETR,29364G103,ENTERGY CORP,43406.4460,730.5720,11390.9470,0000065984
007366,20141231,2014,ETR,29364G103,ENTERGY CORP,46527.8540,960.2570,12494.9210,0000065984
007366,20151231,2015,ETR,29364G103,ENTERGY CORP,44647.6810,-156.7340,11513.2510,0000065984
007366,20161231,2016,ETR,29364G103,ENTERGY CORP,45904.4340,-564.5030,10845.6450,0000065984
007366,20171231,2017,ETR,29364G103,ENTERGY CORP,46707.1490,425.3530,11074.4810,0000065984
007366,20181231,2018,ETR,29364G103,ENTERGY CORP,48275.0660,862.5550,11009.4520,0000065984
007366,20191231,2019,ETR,29364G103,ENTERGY CORP,51723.9120,1258.2440,10878.6730,0000065984
007970,20051231,2005,ES,30040W108,EVERSOURCE ENERGY,12569.0750,-247.9290,7397.3900,0000072741
007970,20061231,2006,ES,30040W108,EVERSOURCE ENERGY,11303.2360,476.1370,6884.3880,0000072741
007970,20071231,2007,ES,30040W108,EVERSOURCE ENERGY,11581.8220,252.0420,5822.2260,0000072741
007970,20081231,2008,ES,30040W108,EVERSOURCE ENERGY,13988.4800,266.3870,5800.0950,0000072741
007970,20091231,2009,ES,30040W108,EVERSOURCE ENERGY,14057.6790,335.5920,5439.4300,0000072741
007970,20101231,2010,ES,30040W108,EVERSOURCE ENERGY,14522.0420,387.9490,4898.1670,0000072741
007970,20111231,2011,ES,30040W108,EVERSOURCE ENERGY,15647.0660,394.6930,4465.6570,0000072741
007970,20121231,2012,ES,30040W108,EVERSOURCE ENERGY,28302.8240,525.9450,6273.7870,0000072741
007970,20131231,2013,ES,30040W108,EVERSOURCE ENERGY,27795.5370,786.0070,7301.2040,0000072741
007970,20141231,2014,ES,30040W108,EVERSOURCE ENERGY,29777.9750,819.5460,7741.8560,0000072741
007970,20151231,2015,ES,30040W108,EVERSOURCE ENERGY,30580.3090,878.4850,7954.8270,0000072741
007970,20161231,2016,ES,30040W108,EVERSOURCE ENERGY,32053.1730,942.3020,7639.1290,0000072741
007970,20171231,2017,ES,30040W108,EVERSOURCE ENERGY,36220.3860,987.9960,7751.9520,0000072741
007970,20181231,2018,ES,30040W108,EVERSOURCE ENERGY,38241.2560,1033.0000,8448.2010,0000072741
007970,20191231,2019,ES,30040W108,EVERSOURCE ENERGY,41123.9150,909.0530,8526.4700,0000072741
007970,20201231,2020,ES,30040W108,EVERSOURCE ENERGY,46099.5980,1205.1670,8904.4300,0000072741
007974,20051231,2005,NI,65473P105,NISOURCE INC,17958.5000,310.7000,7899.1000,0001111711
007974,20061231,2006,NI,65473P105,NISOURCE INC,18156.5000,283.3000,7490.0000,0001111711
007974,20071231,2007,NI,65473P105,NISOURCE INC,18004.8000,321.4000,7973.3000,0001111711
007974,20081231,2008,NI,65473P105,NISOURCE INC,20032.2000,79.0000,8874.2000,0001111711
007974,20091231,2009,NI,65473P105,NISOURCE INC,19271.7000,217.7000,6649.4000,0001111711
007974,20101231,2010,NI,65473P105,NISOURCE INC,19938.8000,292.0000,6422.0000,0001111711
007974,20111231,2011,NI,65473P105,NISOURCE INC,20708.3000,299.1000,6019.1000,0001111711
007974,20121231,2012,NI,65473P105,NISOURCE INC,21844.7000,416.1000,5061.2000,0001111711
007974,20131231,2013,NI,65473P105,NISOURCE INC,22653.9000,532.1000,5657.3000,0001111711
007974,20141231,2014,NI,65473P105,NISOURCE INC,24866.3000,530.0000,6470.6000,0001111711
007974,20151231,2015,NI,65473P105,NISOURCE INC,17492.5000,286.5000,4651.8000,0001111711
007974,20161231,2016,NI,65473P105,NISOURCE INC,18691.9000,331.5000,4492.5000,0001111711
007974,20171231,2017,NI,65473P105,NISOURCE INC,19961.7000,128.5000,4874.6000,0001111711
007974,20181231,2018,NI,65473P105,NISOURCE INC,21804.0000,-50.6000,5114.5000,0001111711
007974,20191231,2019,NI,65473P105,NISOURCE INC,22659.8000,383.1000,5208.9000,0001111711
007974,20201231,2020,NI,65473P105,NISOURCE INC,22040.5000,-17.6000,4681.7000,0001111711
007977,20051231,2005,XEL,98389B100,XCEL ENERGY INC,21648.3160,512.9720,9625.4770,0000072903
007977,20061231,2006,XEL,98389B100,XCEL ENERGY INC,21958.3460,571.7540,9840.3040,0000072903
007977,20071231,2007,XEL,98389B100,XCEL ENERGY INC,23184.7270,577.3480,10034.1700,0000072903
007977,20081231,2008,XEL,98389B100,XCEL ENERGY INC,24958.4950,645.5540,11203.1560,0000072903
007977,20091231,2009,XEL,98389B100,XCEL ENERGY INC,25488.4280,680.8870,9644.3030,0000072903
007977,20101231,2010,XEL,98389B100,XCEL ENERGY INC,27387.6900,755.8340,10310.9470,0000072903
007977,20111231,2011,XEL,98389B100,XCEL ENERGY INC,29497.2670,841.1720,10654.7700,0000072903
007977,20121231,2012,XEL,98389B100,XCEL ENERGY INC,31140.6860,905.2290,10128.2230,0000072903
007977,20131231,2013,XEL,98389B100,XCEL ENERGY INC,33907.4900,948.2340,10914.9220,0000072903
007977,20141231,2014,XEL,98389B100,XCEL ENERGY INC,36957.8840,1021.3060,11686.1350,0000072903
007977,20151231,2015,XEL,98389B100,XCEL ENERGY INC,39053.5350,984.4850,11024.4860,0000072903
007977,20161231,2016,XEL,98389B100,XCEL ENERGY INC,41155.2770,1123.3790,11106.9200,0000072903
007977,20171231,2017,XEL,98389B100,XCEL ENERGY INC,43030.0000,1148.0000,11404.0000,0000072903
007977,20181231,2018,XEL,98389B100,XCEL ENERGY INC,45987.0000,1261.0000,11537.0000,0000072903
007977,20191231,2019,XEL,98389B100,XCEL ENERGY INC,50448.0000,1372.0000,11529.0000,0000072903
007977,20201231,2020,XEL,98389B100,XCEL ENERGY INC,53957.0000,1473.0000,11526.0000,0000072903
008068,20051231,2005,OXY,674599105,OCCIDENTAL PETROLEUM CORP,26108.0000,5281.0000,15208.0000,0000797468
008068,20061231,2006,OXY,674599105,OCCIDENTAL PETROLEUM CORP,32355.0000,4182.0000,17661.0000,0000797468
008068,20071231,2007,OXY,674599105,OCCIDENTAL PETROLEUM CORP,36519.0000,5400.0000,18784.0000,0000797468
008068,20081231,2008,OXY,674599105,OCCIDENTAL PETROLEUM CORP,41537.0000,6857.0000,24217.0000,0000797468
008068,20091231,2009,OXY,674599105,OCCIDENTAL PETROLEUM CORP,44229.0000,2915.0000,15403.0000,0000797468
008068,20101231,2010,OXY,674599105,OCCIDENTAL PETROLEUM CORP,52432.0000,4530.0000,19045.0000,0000797468
008068,20111231,2011,OXY,674599105,OCCIDENTAL PETROLEUM CORP,60044.0000,6771.0000,23939.0000,0000797468
008068,20121231,2012,OXY,674599105,OCCIDENTAL PETROLEUM CORP,64210.0000,4598.0000,24172.0000,0000797468
008068,20131231,2013,OXY,674599105,OCCIDENTAL PETROLEUM CORP,69443.0000,5903.0000,24455.0000,0000797468
008068,20141231,2014,OXY,674599105,OCCIDENTAL PETROLEUM CORP,56259.0000,616.0000,19312.0000,0000797468
008068,20151231,2015,OXY,674599105,OCCIDENTAL PETROLEUM CORP,43437.0000,-7829.0000,12480.0000,0000797468
008068,20161231,2016,OXY,674599105,OCCIDENTAL PETROLEUM CORP,43109.0000,-574.0000,10090.0000,0000797468
008068,20171231,2017,OXY,674599105,OCCIDENTAL PETROLEUM CORP,42026.0000,1311.0000,12508.0000,0000797468
008068,20181231,2018,OXY,674599105,OCCIDENTAL PETROLEUM CORP,43854.0000,4131.0000,17824.0000,0000797468
008068,20191231,2019,OXY,674599105,OCCIDENTAL PETROLEUM CORP,109330.0000,-667.0000,20393.0000,0000797468
008068,20201231,2020,OXY,674599105,OCCIDENTAL PETROLEUM CORP,80064.0000,-14831.0000,17809.0000,0000797468
008099,20051231,2005,FE,337932107,FIRSTENERGY CORP,31841.0000,876.0000,11989.0000,0001031296
008099,20061231,2006,FE,337932107,FIRSTENERGY CORP,31196.0000,1261.0000,11501.0000,0001031296
008099,20071231,2007,FE,337932107,FIRSTENERGY CORP,32068.0000,1309.0000,12781.0000,0001031296
008099,20081231,2008,FE,337932107,FIRSTENERGY CORP,33521.0000,1342.0000,13580.0000,0001031296
008099,20091231,2009,FE,337932107,FIRSTENERGY CORP,34304.0000,1006.0000,12712.0000,0001031296
008099,20101231,2010,FE,337932107,FIRSTENERGY CORP,34805.0000,784.0000,13253.0000,0001031296
008099,20111231,2011,FE,337932107,FIRSTENERGY CORP,47326.0000,885.0000,16346.0000,0001031296
008099,20121231,2012,FE,337932107,FIRSTENERGY CORP,50406.0000,770.0000,15320.0000,0001031296
008099,20131231,2013,FE,337932107,FIRSTENERGY CORP,50424.0000,392.0000,14900.0000,0001031296
008099,20141231,2014,FE,337932107,FIRSTENERGY CORP,52166.0000,299.0000,15049.0000,0001031296
008099,20151231,2015,FE,337932107,FIRSTENERGY CORP,52187.0000,578.0000,15031.0000,0001031296
008099,20161231,2016,FE,337932107,FIRSTENERGY CORP,43148.0000,-6177.0000,14562.0000,0001031296
008099,20171231,2017,FE,337932107,FIRSTENERGY CORP,42257.0000,-1724.0000,14012.0000,0001031296
008099,20181231,2018,FE,337932107,FIRSTENERGY CORP,40063.0000,1348.0000,11261.0000,0001031296
008099,20191231,2019,FE,337932107,FIRSTENERGY CORP,42301.0000,912.0000,11035.0000,0001031296
008151,20051231,2005,OKE,682680103,ONEOK INC,10013.4660,546.5450,12676.2300,0001039684
008151,20061231,2006,OKE,682680103,ONEOK INC,10504.7210,306.3120,11896.1040,0001039684
008151,20071231,2007,OKE,682680103,ONEOK INC,11062.0340,304.9210,13477.4140,0001039684
008151,20081231,2008,OKE,682680103,ONEOK INC,13126.0620,311.9090,16157.4330,0001039684
008151,20091231,2009,OKE,682680103,ONEOK INC,12827.6830,305.4510,11111.6510,0001039684
008151,20101231,2010,OKE,682680103,ONEOK INC,12499.1750,334.6320,13030.0510,0001039684
008151,20111231,2011,OKE,682680103,ONEOK INC,13696.6350,360.5940,14805.7940,0001039684
008151,20121231,2012,OKE,682680103,ONEOK INC,15855.2750,360.6190,12632.5590,0001039684
008151,20131231,2013,OKE,682680103,ONEOK INC,17707.5580,266.5330,14602.7170,0001039684
008151,20141231,2014,OKE,682680103,ONEOK INC,15304.5600,314.1070,12195.0910,0001039684
008151,20151231,2015,OKE,682680103,ONEOK INC,15446.1110,244.9770,7763.2060,0001039684
008151,20161231,2016,OKE,682680103,ONEOK INC,16138.7510,352.0390,8920.9340,0001039684
008151,20171231,2017,OKE,682680103,ONEOK INC,16845.9370,387.8410,12173.9070,0001039684
008151,20181231,2018,OKE,682680103,ONEOK INC,18231.6710,1151.7030,12593.1960,0001039684
008151,20191231,2019,OKE,682680103,ONEOK INC,21812.1210,1278.5770,10164.3670,0001039684
008151,20201231,2020,OKE,682680103,ONEOK INC,23078.7540,612.8090,8542.2420,0001039684
008272,20051231,2005,SRE,816851109,SEMPRA ENERGY,29213.0000,930.0000,11737.0000,0001032208
008272,20061231,2006,SRE,816851109,SEMPRA ENERGY,28949.0000,1416.0000,11761.0000,0001032208
008272,20071231,2007,SRE,816851109,SEMPRA ENERGY,30091.0000,1109.0000,11438.0000,0001032208
008272,20081231,2008,SRE,816851109,SEMPRA ENERGY,26400.0000,1123.0000,10758.0000,0001032208
008272,20091231,2009,SRE,816851109,SEMPRA ENERGY,28512.0000,1129.0000,8106.0000,0001032208
008272,20101231,2010,SRE,816851109,SEMPRA ENERGY,30283.0000,749.0000,9003.0000,0001032208
008272,20111231,2011,SRE,816851109,SEMPRA ENERGY,33356.0000,1365.0000,10036.0000,0001032208
008272,20121231,2012,SRE,816851109,SEMPRA ENERGY,36499.0000,865.0000,9647.0000,0001032208
008272,20131231,2013,SRE,816851109,SEMPRA ENERGY,37244.0000,1009.0000,10557.0000,0001032208
008272,20141231,2014,SRE,816851109,SEMPRA ENERGY,39732.0000,1162.0000,11035.0000,0001032208
008272,20151231,2015,SRE,816851109,SEMPRA ENERGY,41150.0000,1350.0000,10231.0000,0001032208
008272,20161231,2016,SRE,816851109,SEMPRA ENERGY,47786.0000,1371.0000,10183.0000,0001032208
008272,20171231,2017,SRE,816851109,SEMPRA ENERGY,50454.0000,257.0000,11207.0000,0001032208
008272,20181231,2018,SRE,816851109,SEMPRA ENERGY,60638.0000,1050.0000,11687.0000,0001032208
008272,20191231,2019,SRE,816851109,SEMPRA ENERGY,65665.0000,2198.0000,10829.0000,0001032208
008455,20051231,2005,PPL,69351T106,PPL CORP,17926.0000,680.0000,6219.0000,0000922224
008455,20061231,2006,PPL,69351T106,PPL CORP,19747.0000,879.0000,6899.0000,0000922224
008455,20071231,2007,PPL,69351T106,PPL CORP,19972.0000,1306.0000,6498.0000,0000922224
008455,20081231,2008,PPL,69351T106,PPL CORP,21405.0000,948.0000,8044.0000,0000922224
008455,20091231,2009,PPL,69351T106,PPL CORP,22165.0000,425.0000,7556.0000,0000922224
008455,20101231,2010,PPL,69351T106,PPL CORP,32837.0000,938.0000,8521.0000,0000922224
008455,20111231,2011,PPL,69351T106,PPL CORP,42648.0000,1495.0000,12737.0000,0000922224
008455,20121231,2012,PPL,69351T106,PPL CORP,43634.0000,1526.0000,12189.0000,0000922224
008455,20131231,2013,PPL,69351T106,PPL CORP,46259.0000,1130.0000,11905.0000,0000922224
008455,20141231,2014,PPL,69351T106,PPL CORP,48864.0000,1737.0000,11564.0000,0000922224
008455,20151231,2015,PPL,69351T106,PPL CORP,39301.0000,682.0000,7669.0000,0000922224
008455,20161231,2016,PPL,69351T106,PPL CORP,38315.0000,1902.0000,7517.0000,0000922224
008455,20171231,2017,PPL,69351T106,PPL CORP,41479.0000,1128.0000,7447.0000,0000922224
008455,20181231,2018,PPL,69351T106,PPL CORP,43396.0000,1827.0000,7785.0000,0000922224
008455,20191231,2019,PPL,69351T106,PPL CORP,45680.0000,1746.0000,7769.0000,0000922224
008455,20201231,2020,PPL,69351T106,PPL CORP,48116.0000,1469.0000,7607.0000,0000922224
008539,20051231,2005,EXC,30161N101,EXELON CORP,42389.0000,927.0000,15357.0000,0001109357
008539,20061231,2006,EXC,30161N101,EXELON CORP,44319.0000,1592.0000,15655.0000,0001109357
008539,20071231,2007,EXC,30161N101,EXELON CORP,45894.0000,2736.0000,18716.0000,0001109357
008539,20081231,2008,EXC,30161N101,EXELON CORP,47817.0000,2737.0000,18859.0000,0001109357
008539,20091231,2009,EXC,30161N101,EXELON CORP,49180.0000,2707.0000,17318.0000,0001109357
008539,20101231,2010,EXC,30161N101,EXELON CORP,52240.0000,2563.0000,18644.0000,0001109357
008539,20111231,2011,EXC,30161N101,EXELON CORP,55092.0000,2495.0000,18924.0000,0001109357
008539,20121231,2012,EXC,30161N101,EXELON CORP,78554.0000,1160.0000,23489.0000,0001109357
008539,20131231,2013,EXC,30161N101,EXELON CORP,79924.0000,1719.0000,24888.0000,0001109357
008539,20141231,2014,EXC,30161N101,EXELON CORP,86814.0000,1623.0000,27429.0000,0001109357
008539,20151231,2015,EXC,30161N101,EXELON CORP,95384.0000,2269.0000,29447.0000,0001109357
008539,20161231,2016,EXC,30161N101,EXELON CORP,114904.0000,1134.0000,31360.0000,0001109357
008539,20171231,2017,EXC,30161N101,EXELON CORP,116700.0000,3770.0000,33531.0000,0001109357
008539,20181231,2018,EXC,30161N101,EXELON CORP,119666.0000,2010.0000,35985.0000,0001109357
008539,20191231,2019,EXC,30161N101,EXELON CORP,124977.0000,2936.0000,34438.0000,0001109357
008549,20051231,2005,COP,20825C104,CONOCOPHILLIPS,106999.0000,13529.0000,162405.0000,0001163165
008549,20061231,2006,COP,20825C104,CONOCOPHILLIPS,164781.0000,15550.0000,167578.0000,0001163165
008549,20071231,2007,COP,20825C104,CONOCOPHILLIPS,177757.0000,11891.0000,171500.0000,0001163165
008549,20081231,2008,COP,20825C104,CONOCOPHILLIPS,142865.0000,-16998.0000,225424.0000,0001163165
008549,20091231,2009,COP,20825C104,CONOCOPHILLIPS,152588.0000,4858.0000,136016.0000,0001163165
008549,20101231,2010,COP,20825C104,CONOCOPHILLIPS,156314.0000,11358.0000,175752.0000,0001163165
008549,20111231,2011,COP,20825C104,CONOCOPHILLIPS,153230.0000,12436.0000,230859.0000,0001163165
008549,20121231,2012,COP,20825C104,CONOCOPHILLIPS,117144.0000,8428.0000,57967.0000,0001163165
008549,20131231,2013,COP,20825C104,CONOCOPHILLIPS,118057.0000,9156.0000,54413.0000,0001163165
008549,20141231,2014,COP,20825C104,CONOCOPHILLIPS,116539.0000,6869.0000,52524.0000,0001163165
008549,20151231,2015,COP,20825C104,CONOCOPHILLIPS,97484.0000,-4428.0000,29564.0000,0001163165
008549,20161231,2016,COP,20825C104,CONOCOPHILLIPS,89772.0000,-3615.0000,23693.0000,0001163165
008549,20171231,2017,COP,20825C104,CONOCOPHILLIPS,73362.0000,-855.0000,29106.0000,0001163165
008549,20181231,2018,COP,20825C104,CONOCOPHILLIPS,69980.0000,6257.0000,36417.0000,0001163165
008549,20191231,2019,COP,20825C104,CONOCOPHILLIPS,70514.0000,7189.0000,32567.0000,0001163165
008549,20201231,2020,COP,20825C104,CONOCOPHILLIPS,62618.0000,-2701.0000,18784.0000,0001163165
008810,20051231,2005,PEG,744573106,PUBLIC SERVICE ENTRP GRP INC,29815.0000,665.0000,12430.0000,0000788784
008810,20061231,2006,PEG,744573106,PUBLIC SERVICE ENTRP GRP INC,28570.0000,743.0000,12164.0000,0000788784
008810,20071231,2007,PEG,744573106,PUBLIC SERVICE ENTRP GRP INC,28392.0000,1339.0000,12853.0000,0000788784
008810,20081231,2008,PEG,744573106,PUBLIC SERVICE ENTRP GRP INC,29049.0000,1192.0000,13807.0000,0000788784
008810,20091231,2009,PEG,744573106,PUBLIC SERVICE ENTRP GRP INC,28730.0000,1592.0000,12406.0000,0000788784
008810,20101231,2010,PEG,744573106,PUBLIC SERVICE ENTRP GRP INC,29909.0000,1564.0000,11793.0000,0000788784
008810,20111231,2011,PEG,744573106,PUBLIC SERVICE ENTRP GRP INC,29821.0000,1503.0000,11343.0000,0000788784
008810,20121231,2012,PEG,744573106,PUBLIC SERVICE ENTRP GRP INC,31725.0000,1275.0000,9781.0000,0000788784
008810,20131231,2013,PEG,744573106,PUBLIC SERVICE ENTRP GRP INC,32522.0000,1243.0000,9968.0000,0000788784
008810,20141231,2014,PEG,744573106,PUBLIC SERVICE ENTRP GRP INC,35333.0000,1518.0000,10886.0000,0000788784
008810,20151231,2015,PEG,744573106,PUBLIC SERVICE ENTRP GRP INC,37535.0000,1679.0000,10415.0000,0000788784
008810,20161231,2016,PEG,744573106,PUBLIC SERVICE ENTRP GRP INC,40070.0000,887.0000,9061.0000,0000788784
008810,20171231,2017,PEG,744573106,PUBLIC SERVICE ENTRP GRP INC,42716.0000,1574.0000,9084.0000,0000788784
008810,20181231,2018,PEG,744573106,PUBLIC SERVICE ENTRP GRP INC,45326.0000,1438.0000,9696.0000,0000788784
008810,20191231,2019,PEG,744573106,PUBLIC SERVICE ENTRP GRP INC,47730.0000,1693.0000,10076.0000,0000788784
009465,20051231,2005,SLB,806857108,SCHLUMBERGER LTD,18077.4920,2206.9670,14309.1820,0000087347
009465,20061231,2006,SLB,806857108,SCHLUMBERGER LTD,22832.1380,3709.8510,19230.4780,0000087347
009465,20071231,2007,SLB,806857108,SCHLUMBERGER LTD,27853.3720,5176.5160,23276.5420,0000087347
009465,20081231,2008,SLB,806857108,SCHLUMBERGER LTD,31990.7250,5434.8010,27162.9330,0000087347
009465,20091231,2009,SLB,806857108,SCHLUMBERGER LTD,33465.0000,3134.0000,22702.0000,0000087347
009465,20101231,2010,SLB,806857108,SCHLUMBERGER LTD,51767.0000,4267.0000,27447.0000,0000087347
009465,20111231,2011,SLB,806857108,SCHLUMBERGER LTD,55201.0000,4997.0000,39540.0000,0000087347
009465,20121231,2012,SLB,806857108,SCHLUMBERGER LTD,61547.0000,5490.0000,42149.0000,0000087347
009465,20131231,2013,SLB,806857108,SCHLUMBERGER LTD,67100.0000,6732.0000,45266.0000,0000087347
009465,20141231,2014,SLB,806857108,SCHLUMBERGER LTD,66904.0000,5438.0000,48580.0000,0000087347
009465,20151231,2015,SLB,806857108,SCHLUMBERGER LTD,68005.0000,2072.0000,35475.0000,0000087347
009465,20161231,2016,SLB,806857108,SCHLUMBERGER LTD,77956.0000,-1687.0000,27810.0000,0000087347
009465,20171231,2017,SLB,806857108,SCHLUMBERGER LTD,71987.0000,-1505.0000,30440.0000,0000087347
009465,20181231,2018,SLB,806857108,SCHLUMBERGER LTD,70507.0000,2138.0000,32815.0000,0000087347
009465,20191231,2019,SLB,806857108,SCHLUMBERGER LTD,56312.0000,-10137.0000,32917.0000,0000087347
009465,20201231,2020,SLB,806857108,SCHLUMBERGER LTD,42434.0000,-10518.0000,23601.0000,0000087347
009846,20051231,2005,EIX,281020107,EDISON INTERNATIONAL,34791.0000,1161.0000,11852.0000,0000827052
009846,20061231,2006,EIX,281020107,EDISON INTERNATIONAL,36261.0000,1232.0000,12622.0000,0000827052
009846,20071231,2007,EIX,281020107,EDISON INTERNATIONAL,37562.0000,1149.0000,13113.0000,0000827052
009846,20081231,2008,EIX,281020107,EDISON INTERNATIONAL,44615.0000,1266.0000,14112.0000,0000827052
009846,20091231,2009,EIX,281020107,EDISON INTERNATIONAL,41444.0000,900.0000,12361.0000,0000827052
009846,20101231,2010,EIX,281020107,EDISON INTERNATIONAL,45530.0000,1308.0000,12409.0000,0000827052
009846,20111231,2011,EIX,281020107,EDISON INTERNATIONAL,48039.0000,22.0000,12760.0000,0000827052
009846,20121231,2012,EIX,281020107,EDISON INTERNATIONAL,44394.0000,-92.0000,11862.0000,0000827052
009846,20131231,2013,EIX,281020107,EDISON INTERNATIONAL,46646.0000,1015.0000,12581.0000,0000827052
009846,20141231,2014,EIX,281020107,EDISON INTERNATIONAL,50186.0000,1724.0000,13413.0000,0000827052
009846,20151231,2015,EIX,281020107,EDISON INTERNATIONAL,50310.0000,1133.0000,11524.0000,0000827052
009846,20161231,2016,EIX,281020107,EDISON INTERNATIONAL,51319.0000,1434.0000,11869.0000,0000827052
009846,20171231,2017,EIX,281020107,EDISON INTERNATIONAL,52580.0000,689.0000,12320.0000,0000827052
009846,20181231,2018,EIX,281020107,EDISON INTERNATIONAL,56715.0000,-302.0000,12657.0000,0000827052
009846,20191231,2019,EIX,281020107,EDISON INTERNATIONAL,64382.0000,1405.0000,12347.0000,0000827052
009850,20051231,2005,SO,842587107,SOUTHERN CO,39877.0000,1621.0000,13554.0000,0000092122
009850,20061231,2006,SO,842587107,SOUTHERN CO,42858.0000,1607.0000,14356.0000,0000092122
009850,20071231,2007,SO,842587107,SOUTHERN CO,45789.0000,1782.0000,15353.0000,0000092122
009850,20081231,2008,SO,842587107,SOUTHERN CO,48347.0000,1807.0000,17127.0000,0000092122
009850,20091231,2009,SO,842587107,SOUTHERN CO,52046.0000,1708.0000,15743.0000,0000092122
009850,20101231,2010,SO,842587107,SOUTHERN CO,55032.0000,2040.0000,17456.0000,0000092122
009850,20111231,2011,SO,842587107,SOUTHERN CO,59267.0000,2268.0000,17657.0000,0000092122
009850,20121231,2012,SO,842587107,SOUTHERN CO,63149.0000,2415.0000,16537.0000,0000092122
009850,20131231,2013,SO,842587107,SOUTHERN CO,64546.0000,1710.0000,17087.0000,0000092122
009850,20141231,2014,SO,842587107,SOUTHERN CO,70923.0000,2031.0000,18467.0000,0000092122
009850,20151231,2015,SO,842587107,SOUTHERN CO,78318.0000,2421.0000,17489.0000,0000092122
009850,20161231,2016,SO,842587107,SOUTHERN CO,109697.0000,2493.0000,19896.0000,0000092122
009850,20171231,2017,SO,842587107,SOUTHERN CO,111005.0000,880.0000,23031.0000,0000092122
009850,20181231,2018,SO,842587107,SOUTHERN CO,116914.0000,2242.0000,23495.0000,0000092122
009850,20191231,2019,SO,842587107,SOUTHERN CO,118700.0000,4754.0000,21419.0000,0000092122
009850,20201231,2020,SO,842587107,SOUTHERN CO,122935.0000,3134.0000,20375.0000,0000092122
010860,20051231,2005,AEE,023608102,AMEREN CORP,18162.0000,619.0000,6780.0000,0001002910
010860,20061231,2006,AEE,023608102,AMEREN CORP,19578.0000,558.0000,6880.0000,0001002910
010860,20071231,2007,AEE,023608102,AMEREN CORP,20728.0000,629.0000,7546.0000,0001002910
010860,20081231,2008,AEE,023608102,AMEREN CORP,22657.0000,615.0000,7839.0000,0001002910
010860,20091231,2009,AEE,023608102,AMEREN CORP,23790.0000,612.0000,7090.0000,0001002910
010860,20101231,2010,AEE,023608102,AMEREN CORP,23515.0000,139.0000,7638.0000,0001002910
010860,20111231,2011,AEE,023608102,AMEREN CORP,23645.0000,519.0000,7531.0000,0001002910
010860,20121231,2012,AEE,023608102,AMEREN CORP,21835.0000,-974.0000,6828.0000,0001002910
010860,20131231,2013,AEE,023608102,AMEREN CORP,21042.0000,289.0000,5838.0000,0001002910
010860,20141231,2014,AEE,023608102,AMEREN CORP,22676.0000,586.0000,6053.0000,0001002910
010860,20151231,2015,AEE,023608102,AMEREN CORP,23640.0000,630.0000,6098.0000,0001002910
010860,20161231,2016,AEE,023608102,AMEREN CORP,24699.0000,653.0000,6076.0000,0001002910
010860,20171231,2017,AEE,023608102,AMEREN CORP,25945.0000,523.0000,6177.0000,0001002910
010860,20181231,2018,AEE,023608102,AMEREN CORP,27215.0000,815.0000,6291.0000,0001002910
010860,20191231,2019,AEE,023608102,AMEREN CORP,28933.0000,828.0000,5910.0000,0001002910
010860,20201231,2020,AEE,023608102,AMEREN CORP,32030.0000,871.0000,5794.0000,0001002910
011506,20051231,2005,WMB,969457100,WILLIAMS COS INC,29442.6000,313.6000,12583.6000,0000107263
011506,20061231,2006,WMB,969457100,WILLIAMS COS INC,25402.4000,308.5000,11812.9000,0000107263
011506,20071231,2007,WMB,969457100,WILLIAMS COS INC,25061.0000,990.0000,10558.0000,0000107263
011506,20081231,2008,WMB,969457100,WILLIAMS COS INC,26006.0000,1418.0000,12352.0000,0000107263
011506,20091231,2009,WMB,969457100,WILLIAMS COS INC,25280.0000,285.0000,8255.0000,0000107263
011506,20101231,2010,WMB,969457100,WILLIAMS COS INC,24972.0000,-1097.0000,9616.0000,0000107263
011506,20111231,2011,WMB,969457100,WILLIAMS COS INC,16502.0000,376.0000,7930.0000,0000107263
011506,20121231,2012,WMB,969457100,WILLIAMS COS INC,24327.0000,859.0000,7486.0000,0000107263
011506,20131231,2013,WMB,969457100,WILLIAMS COS INC,27142.0000,430.0000,6860.0000,0000107263
011506,20141231,2014,WMB,969457100,WILLIAMS COS INC,50563.0000,2114.0000,7637.0000,0000107263
011506,20151231,2015,WMB,969457100,WILLIAMS COS INC,49020.0000,-571.0000,7360.0000,0000107263
011506,20161231,2016,WMB,969457100,WILLIAMS COS INC,46835.0000,-424.0000,7499.0000,0000107263
011506,20171231,2017,WMB,969457100,WILLIAMS COS INC,46352.0000,2174.0000,8031.0000,0000107263
011506,20181231,2018,WMB,969457100,WILLIAMS COS INC,45302.0000,-155.0000,8686.0000,0000107263
011506,20191231,2019,WMB,969457100,WILLIAMS COS INC,46040.0000,850.0000,8201.0000,0000107263
011506,20201231,2020,WMB,969457100,WILLIAMS COS INC,44165.0000,211.0000,7719.0000,0000107263
011550,20051231,2005,WEC,92939U106,WEC ENERGY GROUP INC,10462.0000,308.7000,3815.5000,0000783325
011550,20061231,2006,WEC,92939U106,WEC ENERGY GROUP INC,11130.2000,316.4000,3996.4000,0000783325
011550,20071231,2007,WEC,92939U106,WEC ENERGY GROUP INC,11720.3000,335.6000,4237.8000,0000783325
011550,20081231,2008,WEC,92939U106,WEC ENERGY GROUP INC,12617.8000,359.1000,4431.0000,0000783325
011550,20091231,2009,WEC,92939U106,WEC ENERGY GROUP INC,12697.9000,382.4000,4127.9000,0000783325
011550,20101231,2010,WEC,92939U106,WEC ENERGY GROUP INC,13059.8000,456.5000,4202.5000,0000783325
011550,20111231,2011,WEC,92939U106,WEC ENERGY GROUP INC,13862.1000,526.2000,4486.4000,0000783325
011550,20121231,2012,WEC,92939U106,WEC ENERGY GROUP INC,14285.0000,546.3000,4246.4000,0000783325
011550,20131231,2013,WEC,92939U106,WEC ENERGY GROUP INC,14769.4000,577.4000,4519.0000,0000783325
011550,20141231,2014,WEC,92939U106,WEC ENERGY GROUP INC,15163.4000,588.3000,4997.1000,0000783325
011550,20151231,2015,WEC,92939U106,WEC ENERGY GROUP INC,29355.2000,640.3000,5926.1000,0000783325
011550,20161231,2016,WEC,92939U106,WEC ENERGY GROUP INC,30123.2000,940.2000,7472.3000,0000783325
011550,20171231,2017,WEC,92939U106,WEC ENERGY GROUP INC,31590.5000,1204.9000,7648.5000,0000783325
011550,20181231,2018,WEC,92939U106,WEC ENERGY GROUP INC,33475.8000,1060.5000,7679.5000,0000783325
011550,20191231,2019,WEC,92939U106,WEC ENERGY GROUP INC,34951.8000,1135.2000,7523.1000,0000783325
011550,20201231,2020,WEC,92939U106,WEC ENERGY GROUP INC,37028.1000,1201.1000,7241.7000,0000783325
011554,20051231,2005,LNT,018802108,ALLIANT ENERGY CORP,7733.1000,11.0000,3279.6000,0000352541
011554,20061231,2006,LNT,018802108,ALLIANT ENERGY CORP,7084.1000,334.4000,3359.4000,0000352541
011554,20071231,2007,LNT,018802108,ALLIANT ENERGY CORP,7189.7000,444.0000,3437.6000,0000352541
011554,20081231,2008,LNT,018802108,ALLIANT ENERGY CORP,8201.5000,306.7000,3681.7000,0000352541
011554,20091231,2009,LNT,018802108,ALLIANT ENERGY CORP,9036.0000,129.7000,3432.8000,0000352541
011554,20101231,2010,LNT,018802108,ALLIANT ENERGY CORP,9282.9000,306.3000,3416.1000,0000352541
011554,20111231,2011,LNT,018802108,ALLIANT ENERGY CORP,9687.9000,321.9000,3665.3000,0000352541
011554,20121231,2012,LNT,018802108,ALLIANT ENERGY CORP,10785.5000,335.7000,3094.5000,0000352541
011554,20131231,2013,LNT,018802108,ALLIANT ENERGY CORP,11112.4000,376.2000,3276.8000,0000352541
011554,20141231,2014,LNT,018802108,ALLIANT ENERGY CORP,12085.9000,393.3000,3350.3000,0000352541
011554,20151231,2015,LNT,018802108,ALLIANT ENERGY CORP,12495.2000,388.4000,3253.6000,0000352541
011554,20161231,2016,LNT,018802108,ALLIANT ENERGY CORP,13373.8000,381.7000,3320.0000,0000352541
011554,20171231,2017,LNT,018802108,ALLIANT ENERGY CORP,14187.8000,467.5000,3382.2000,0000352541
011554,20181231,2018,LNT,018802108,ALLIANT ENERGY CORP,15426.0000,522.3000,3534.5000,0000352541
011554,20191231,2019,LNT,018802108,ALLIANT ENERGY CORP,16700.7000,567.4000,3647.7000,0000352541
014359,20051231,2005,PXD,723787107,PIONEER NATURAL RESOURCES CO,7329.2340,534.5680,2215.6770,0001038357
014359,20061231,2006,PXD,723787107,PIONEER NATURAL RESOURCES CO,7355.3990,739.7310,1582.0490,0001038357
014359,20071231,2007,PXD,723787107,PIONEER NATURAL RESOURCES CO,8616.9810,372.7280,1740.8510,0001038357
014359,20081231,2008,PXD,723787107,PIONEER NATURAL RESOURCES CO,9163.1780,220.0630,2277.3500,0001038357
014359,20091231,2009,PXD,723787107,PIONEER NATURAL RESOURCES CO,8867.2650,-52.1060,1609.9840,0001038357
014359,20101231,2010,PXD,723787107,PIONEER NATURAL RESOURCES CO,9679.1020,605.2080,1803.2570,0001038357
014359,20111231,2011,PXD,723787107,PIONEER NATURAL RESOURCES CO,11524.1610,826.7930,2294.0630,0001038357
014359,20121231,2012,PXD,723787107,PIONEER NATURAL RESOURCES CO,13069.0300,191.4160,2811.6600,0001038357
014359,20131231,2013,PXD,723787107,PIONEER NATURAL RESOURCES CO,12292.7880,-838.4140,3489.5180,0001038357
014359,20141231,2014,PXD,723787107,PIONEER NATURAL RESOURCES CO,14926.0000,930.0000,4325.0000,0001038357
014359,20151231,2015,PXD,723787107,PIONEER NATURAL RESOURCES CO,15154.0000,-273.0000,3142.0000,0001038357
014359,20161231,2016,PXD,723787107,PIONEER NATURAL RESOURCES CO,16459.0000,-556.0000,3951.0000,0001038357
014359,20171231,2017,PXD,723787107,PIONEER NATURAL RESOURCES CO,17003.0000,833.0000,5294.0000,0001038357
014359,20181231,2018,PXD,723787107,PIONEER NATURAL RESOURCES CO,17903.0000,978.0000,9379.0000,0001038357
014359,20191231,2019,PXD,723787107,PIONEER NATURAL RESOURCES CO,19067.0000,756.0000,9671.0000,0001038357
014934,20051231,2005,DVN,25179M103,DEVON ENERGY CORP,30273.0000,2930.0000,10741.0000,0001090012
014934,20061231,2006,DVN,25179M103,DEVON ENERGY CORP,35063.0000,2846.0000,10578.0000,0001090012
014934,20071231,2007,DVN,25179M103,DEVON ENERGY CORP,41456.0000,3606.0000,11362.0000,0001090012
014934,20081231,2008,DVN,25179M103,DEVON ENERGY CORP,31908.0000,-2148.0000,15211.0000,0001090012
014934,20091231,2009,DVN,25179M103,DEVON ENERGY CORP,29686.0000,-2479.0000,8015.0000,0001090012
014934,20101231,2010,DVN,25179M103,DEVON ENERGY CORP,32927.0000,4550.0000,9940.0000,0001090012
014934,20111231,2011,DVN,25179M103,DEVON ENERGY CORP,41117.0000,4704.0000,11454.0000,0001090012
014934,20121231,2012,DVN,25179M103,DEVON ENERGY CORP,43326.0000,-206.0000,9502.0000,0001090012
014934,20131231,2013,DVN,25179M103,DEVON ENERGY CORP,42877.0000,-20.0000,10397.0000,0001090012
014934,20141231,2014,DVN,25179M103,DEVON ENERGY CORP,50637.0000,1607.0000,19566.0000,0001090012
014934,20151231,2015,DVN,25179M103,DEVON ENERGY CORP,29532.0000,-14454.0000,13145.0000,0001090012
014934,20161231,2016,DVN,25179M103,DEVON ENERGY CORP,25913.0000,-3302.0000,10304.0000,0001090012
014934,20171231,2017,DVN,25179M103,DEVON ENERGY CORP,30241.0000,898.0000,13949.0000,0001090012
014934,20181231,2018,DVN,25179M103,DEVON ENERGY CORP,19566.0000,3064.0000,10734.0000,0001090012
014934,20191231,2019,DVN,25179M103,DEVON ENERGY CORP,13717.0000,-355.0000,6220.0000,0001090012
014934,20201231,2020,DVN,25179M103,DEVON ENERGY CORP,9912.0000,-2680.0000,4828.0000,0001090012
015247,20051231,2005,VLO,91913Y100,VALERO ENERGY CORP,32728.0000,3590.0000,81362.0000,0001035002
015247,20061231,2006,VLO,91913Y100,VALERO ENERGY CORP,37753.0000,5463.0000,91051.0000,0001035002
015247,20071231,2007,VLO,91913Y100,VALERO ENERGY CORP,42722.0000,5234.0000,94526.0000,0001035002
015247,20081231,2008,VLO,91913Y100,VALERO ENERGY CORP,34417.0000,-1131.0000,118298.0000,0001035002
015247,20091231,2009,VLO,91913Y100,VALERO ENERGY CORP,35629.0000,-1982.0000,67271.0000,0001035002
015247,20101231,2010,VLO,91913Y100,VALERO ENERGY CORP,37621.0000,324.0000,81342.0000,0001035002
015247,20111231,2011,VLO,91913Y100,VALERO ENERGY CORP,42783.0000,2090.0000,125095.0000,0001035002
015247,20121231,2012,VLO,91913Y100,VALERO ENERGY CORP,44477.0000,2083.0000,138286.0000,0001035002
015247,20131231,2013,VLO,91913Y100,VALERO ENERGY CORP,47260.0000,2720.0000,138074.0000,0001035002
015247,20141231,2014,VLO,91913Y100,VALERO ENERGY CORP,45550.0000,3630.0000,130844.0000,0001035002
015247,20151231,2015,VLO,91913Y100,VALERO ENERGY CORP,44343.0000,3990.0000,81824.0000,0001035002
015247,20161231,2016,VLO,91913Y100,VALERO ENERGY CORP,46173.0000,2289.0000,70166.0000,0001035002
015247,20171231,2017,VLO,91913Y100,VALERO ENERGY CORP,50158.0000,4065.0000,88407.0000,0001035002
015247,20181231,2018,VLO,91913Y100,VALERO ENERGY CORP,50155.0000,3122.0000,111407.0000,0001035002
015247,20191231,2019,VLO,91913Y100,VALERO ENERGY CORP,53864.0000,2422.0000,102729.0000,0001035002
016478,20051231,2005,EOG,26875P101,EOG RESOURCES INC,7753.3200,1259.5760,3598.4650,0000821189
016478,20061231,2006,EOG,26875P101,EOG RESOURCES INC,9402.1600,1299.8850,3899.0850,0000821189
016478,20071231,2007,EOG,26875P101,EOG RESOURCES INC,12088.9070,1089.9180,4131.6040,0000821189
016478,20081231,2008,EOG,26875P101,EOG RESOURCES INC,15951.2260,2436.9190,6984.4300,0000821189
016478,20091231,2009,EOG,26875P101,EOG RESOURCES INC,18118.6670,546.6270,4238.3460,0000821189
016478,20101231,2010,EOG,26875P101,EOG RESOURCES INC,21624.2330,160.6540,5852.8070,0000821189
016478,20111231,2011,EOG,26875P101,EOG RESOURCES INC,24838.7970,1091.1230,9600.0330,0000821189
016478,20121231,2012,EOG,26875P101,EOG RESOURCES INC,27336.5780,570.2790,11448.8140,0000821189
016478,20131231,2013,EOG,26875P101,EOG RESOURCES INC,30574.2380,2197.1090,14233.0460,0000821189
016478,20141231,2014,EOG,26875P101,EOG RESOURCES INC,34762.6870,2915.4870,17473.5060,0000821189
016478,20151231,2015,EOG,26875P101,EOG RESOURCES INC,26975.2440,-4524.5150,8718.3170,0000821189
016478,20161231,2016,EOG,26875P101,EOG RESOURCES INC,29459.4330,-1096.6860,7363.3940,0000821189
016478,20171231,2017,EOG,26875P101,EOG RESOURCES INC,29833.0780,2582.5790,11225.8060,0000821189
016478,20181231,2018,EOG,26875P101,EOG RESOURCES INC,33934.4740,3419.0400,17011.2020,0000821189
016478,20191231,2019,EOG,26875P101,EOG RESOURCES INC,37124.6080,2734.9100,17122.0020,0000821189
020548,20051231,2005,COG,127097103,CABOT OIL & GAS CORP,1495.3700,148.4450,682.7970,0000858470
020548,20061231,2006,COG,127097103,CABOT OIL & GAS CORP,1834.4910,321.1750,761.9880,0000858470
020548,20071231,2007,COG,127097103,CABOT OIL & GAS CORP,2208.5940,167.4230,732.1700,0000858470
020548,20081231,2008,COG,127097103,CABOT OIL & GAS CORP,3701.6640,211.2900,945.7910,0000858470
020548,20091231,2009,COG,127097103,CABOT OIL & GAS CORP,3683.4010,148.3430,879.2760,0000858470
020548,20101231,2010,COG,127097103,CABOT OIL & GAS CORP,4005.0310,103.3860,844.0350,0000858470
020548,20111231,2011,COG,127097103,CABOT OIL & GAS CORP,4331.4930,122.4080,979.8640,0000858470
020548,20121231,2012,COG,127097103,CABOT OIL & GAS CORP,4616.3130,131.7300,1204.5460,0000858470
020548,20131231,2013,COG,127097103,CABOT OIL & GAS CORP,4981.0800,279.7730,1746.2780,0000858470
020548,20141231,2014,COG,127097103,CABOT OIL & GAS CORP,5437.7160,104.4680,2173.0110,0000858470
020548,20151231,2015,COG,127097103,CABOT OIL & GAS CORP,5261.8990,-113.8910,1357.1500,0000858470
020548,20161231,2016,COG,127097103,CABOT OIL & GAS CORP,5122.5690,-417.1240,1155.6770,0000858470
020548,20171231,2017,COG,127097103,CABOT OIL & GAS CORP,4727.3440,100.3930,1764.2190,0000858470
020548,20181231,2018,COG,127097103,CABOT OIL & GAS CORP,4198.8290,557.0430,2188.1480,0000858470
020548,20191231,2019,COG,127097103,CABOT OIL & GAS CORP,4487.2450,681.0700,2066.2770,0000858470
024216,20051231,2005,AES,00130H105,AES CORP (THE),29432.0000,630.0000,11086.0000,0000874761
024216,20061231,2006,AES,00130H105,AES CORP (THE),31201.0000,204.0000,11564.0000,0000874761
024216,20071231,2007,AES,00130H105,AES CORP (THE),34453.0000,-95.0000,13588.0000,0000874761
024216,20081231,2008,AES,00130H105,AES CORP (THE),34806.0000,1234.0000,16102.0000,0000874761
024216,20091231,2009,AES,00130H105,AES CORP (THE),39535.0000,658.0000,14119.0000,0000874761
024216,20101231,2010,AES,00130H105,AES CORP (THE),40511.0000,9.0000,16647.0000,0000874761
024216,20111231,2011,AES,00130H105,AES CORP (THE),45333.0000,58.0000,17274.0000,0000874761
024216,20121231,2012,AES,00130H105,AES CORP (THE),41830.0000,-912.0000,18046.0000,0000874761
024216,20131231,2013,AES,00130H105,AES CORP (THE),40411.0000,114.0000,15891.0000,0000874761
024216,20141231,2014,AES,00130H105,AES CORP (THE),38966.0000,769.0000,17146.0000,0000874761
024216,20151231,2015,AES,00130H105,AES CORP (THE),36850.0000,306.0000,14866.0000,0000874761
024216,20161231,2016,AES,00130H105,AES CORP (THE),36119.0000,-1130.0000,13586.0000,0000874761
024216,20171231,2017,AES,00130H105,AES CORP (THE),33112.0000,-1161.0000,10530.0000,0000874761
024216,20181231,2018,AES,00130H105,AES CORP (THE),32521.0000,1203.0000,10736.0000,0000874761
024216,20191231,2019,AES,00130H105,AES CORP (THE),33648.0000,303.0000,10189.0000,0000874761
030923,20051231,2005,FTI,G87110105,TECHNIPFMC PLC,8641.1070,110.4860,6404.9830,0001681459
030923,20061231,2006,FTI,G87110105,TECHNIPFMC PLC,10641.2690,264.0720,9250.7010,0001681459
030923,20071231,2007,FTI,G87110105,TECHNIPFMC PLC,11827.4080,184.4360,11545.2780,0001681459
030923,20081231,2008,FTI,G87110105,TECHNIPFMC PLC,11318.7920,623.5710,10448.8540,0001681459
030923,20091231,2009,FTI,G87110105,TECHNIPFMC PLC,12282.5240,244.2170,9292.4390,0001681459
030923,20101231,2010,FTI,G87110105,TECHNIPFMC PLC,13563.5720,554.1130,8094.0900,0001681459
030923,20111231,2011,FTI,G87110105,TECHNIPFMC PLC,14830.7340,658.1200,8872.7540,0001681459
030923,20121231,2012,FTI,G87110105,TECHNIPFMC PLC,15270.7070,711.6480,10858.1440,0001681459
030923,20131231,2013,FTI,G87110105,TECHNIPFMC PLC,18258.5530,775.8950,12911.4740,0001681459
030923,20141231,2014,FTI,G87110105,TECHNIPFMC PLC,16239.3000,528.3300,12227.9390,0001681459
030923,20151231,2015,FTI,G87110105,TECHNIPFMC PLC,14843.1670,48.9740,11247.9690,0001681459
030923,20161231,2016,FTI,G87110105,TECHNIPFMC PLC,18760.4010,296.8280,8791.6110,0001681459
030923,20171231,2017,FTI,G87110105,TECHNIPFMC PLC,28263.7000,113.3000,15056.9000,0001681459
030923,20181231,2018,FTI,G87110105,TECHNIPFMC PLC,24784.5000,-1921.6000,12552.9000,0001681459
030923,20191231,2019,FTI,G87110105,TECHNIPFMC PLC,23518.8000,-2415.2000,13409.1000,0001681459
032106,20141231,2014,BKR,05722G100,BAKER HUGHES CO,,,,0001701605
032106,20151231,2015,BKR,05722G100,BAKER HUGHES CO,,,,0001701605
032106,20161231,2016,BKR,05722G100,BAKER HUGHES CO,,,,0001701605
032106,20171231,2017,BKR,05722G100,BAKER HUGHES CO,57050.0000,36.0000,17259.0000,0001701605
032106,20181231,2018,BKR,05722G100,BAKER HUGHES CO,52439.0000,195.0000,22877.0000,0001701605
032106,20191231,2019,BKR,05722G100,BAKER HUGHES CO,53369.0000,128.0000,23838.0000,0001701605
032106,20201231,2020,BKR,05722G100,BAKER HUGHES CO,38030.0000,-9940.0000,20705.0000,0001701605
063892,20051231,2005,NOV,62955J103,NOV INC,6678.5000,286.9000,4644.5000,0001021860
063892,20061231,2006,NOV,62955J103,NOV INC,9019.3000,684.0000,7025.8000,0001021860
063892,20071231,2007,NOV,62955J103,NOV INC,12114.9000,1337.1000,9789.0000,0001021860
063892,20081231,2008,NOV,62955J103,NOV INC,21478.7000,1952.0000,13431.4000,0001021860
063892,20091231,2009,NOV,62955J103,NOV INC,21532.0000,1469.0000,12712.0000,0001021860
063892,20101231,2010,NOV,62955J103,NOV INC,23050.0000,1667.0000,12156.0000,0001021860
063892,20111231,2011,NOV,62955J103,NOV INC,25515.0000,1994.0000,14658.0000,0001021860
063892,20121231,2012,NOV,62955J103,NOV INC,31484.0000,2491.0000,20041.0000,0001021860
063892,20131231,2013,NOV,62955J103,NOV INC,34812.0000,2327.0000,22767.0000,0001021860
063892,20141231,2014,NOV,62955J103,NOV INC,33562.0000,2502.0000,21440.0000,0001021860
063892,20151231,2015,NOV,62955J103,NOV INC,26725.0000,-769.0000,14757.0000,0001021860
063892,20161231,2016,NOV,62955J103,NOV INC,21140.0000,-2412.0000,7251.0000,0001021860
063892,20171231,2017,NOV,62955J103,NOV INC,20206.0000,-237.0000,7304.0000,0001021860
063892,20181231,2018,NOV,62955J103,NOV INC,19796.0000,-31.0000,8453.0000,0001021860
063892,20191231,2019,NOV,62955J103,NOV INC,13149.0000,-6095.0000,8479.0000,0001021860
063892,20201231,2020,NOV,62955J103,NOV INC,9929.0000,-2542.0000,6090.0000,0001021860
135990,20051231,2005,NRG,629377508,NRG ENERGY INC,7431.0000,84.0000,2708.0000,0001013871
135990,20061231,2006,NRG,629377508,NRG ENERGY INC,19435.0000,621.0000,5623.0000,0001013871
135990,20071231,2007,NRG,629377508,NRG ENERGY INC,19274.0000,586.0000,5989.0000,0001013871
135990,20081231,2008,NRG,629377508,NRG ENERGY INC,24808.0000,1188.0000,6885.0000,0001013871
135990,20091231,2009,NRG,629377508,NRG ENERGY INC,23378.0000,942.0000,8952.0000,0001013871
135990,20101231,2010,NRG,629377508,NRG ENERGY INC,26896.0000,477.0000,8849.0000,0001013871
135990,20111231,2011,NRG,629377508,NRG ENERGY INC,26715.0000,197.0000,9079.0000,0001013871
135990,20121231,2012,NRG,629377508,NRG ENERGY INC,35128.0000,559.0000,8422.0000,0001013871
135990,20131231,2013,NRG,629377508,NRG ENERGY INC,33902.0000,-386.0000,11295.0000,0001013871
135990,20141231,2014,NRG,629377508,NRG ENERGY INC,40665.0000,134.0000,15868.0000,0001013871
135990,20151231,2015,NRG,629377508,NRG ENERGY INC,32882.0000,-6382.0000,14674.0000,0001013871
135990,20161231,2016,NRG,629377508,NRG ENERGY INC,30355.0000,-774.0000,12351.0000,0001013871
135990,20171231,2017,NRG,629377508,NRG ENERGY INC,23318.0000,-2153.0000,10629.0000,0001013871
135990,20181231,2018,NRG,629377508,NRG ENERGY INC,10628.0000,268.0000,9478.0000,0001013871
135990,20191231,2019,NRG,629377508,NRG ENERGY INC,12531.0000,4438.0000,9821.0000,0001013871
170750,20101231,2010,FANG,25278X109,DIAMONDBACK ENERGY INC,172.5170,8.2160,27.2530,0001539838
170750,20111231,2011,FANG,25278X109,DIAMONDBACK ENERGY INC,249.4840,-0.5450,48.6720,0001539838
170750,20121231,2012,FANG,25278X109,DIAMONDBACK ENERGY INC,606.7010,-36.5210,74.9620,0001539838
170750,20131231,2013,FANG,25278X109,DIAMONDBACK ENERGY INC,1521.6140,54.5870,208.0020,0001539838
170750,20141231,2014,FANG,25278X109,DIAMONDBACK ENERGY INC,3095.4810,193.7550,495.7180,0001539838
170750,20151231,2015,FANG,25278X109,DIAMONDBACK ENERGY INC,2758.4120,-550.6280,446.7330,0001539838
170750,20161231,2016,FANG,25278X109,DIAMONDBACK ENERGY INC,5349.6800,-165.0340,527.1070,0001539838
170750,20171231,2017,FANG,25278X109,DIAMONDBACK ENERGY INC,7770.9850,482.2610,1205.1110,0001539838
170750,20181231,2018,FANG,25278X109,DIAMONDBACK ENERGY INC,21595.6870,845.6720,2176.2560,0001539838
170750,20191231,2019,FANG,25278X109,DIAMONDBACK ENERGY INC,23531.0000,240.0000,3964.0000,0001539838
170750,20201231,2020,FANG,25278X109,DIAMONDBACK ENERGY INC,17619.0000,-4517.0000,2813.0000,0001539838
170841,20101231,2010,PSX,718546104,PHILLIPS 66,44955.0000,735.0000,132872.0000,0001534701
170841,20111231,2011,PSX,718546104,PHILLIPS 66,43211.0000,4775.0000,182133.0000,0001534701
170841,20121231,2012,PSX,718546104,PHILLIPS 66,48073.0000,4124.0000,166089.0000,0001534701
170841,20131231,2013,PSX,718546104,PHILLIPS 66,49798.0000,3726.0000,157730.0000,0001534701
170841,20141231,2014,PSX,718546104,PHILLIPS 66,48741.0000,4762.0000,146514.0000,0001534701
170841,20151231,2015,PSX,718546104,PHILLIPS 66,48580.0000,4227.0000,85195.0000,0001534701
170841,20161231,2016,PSX,718546104,PHILLIPS 66,51653.0000,1555.0000,70898.0000,0001534701
170841,20171231,2017,PSX,718546104,PHILLIPS 66,54371.0000,5106.0000,89300.0000,0001534701
170841,20181231,2018,PSX,718546104,PHILLIPS 66,54302.0000,5595.0000,111461.0000,0001534701
170841,20191231,2019,PSX,718546104,PHILLIPS 66,58720.0000,3076.0000,107293.0000,0001534701
179437,20051231,2005,AWK,030420103,AMERICAN WATER WORKS CO INC,11847.0450,-324.8130,2136.7460,0001410636
179437,20061231,2006,AWK,030420103,AMERICAN WATER WORKS CO INC,12028.8150,-162.0280,2093.0670,0001410636
179437,20071231,2007,AWK,030420103,AMERICAN WATER WORKS CO INC,12115.6850,-342.6010,2214.2150,0001410636
179437,20081231,2008,AWK,030420103,AMERICAN WATER WORKS CO INC,12320.4030,-562.1960,2336.9280,0001410636
179437,20091231,2009,AWK,030420103,AMERICAN WATER WORKS CO INC,12479.3710,-232.8580,2440.7030,0001410636
179437,20101231,2010,AWK,030420103,AMERICAN WATER WORKS CO INC,13063.3110,268.0510,2710.6770,0001410636
179437,20111231,2011,AWK,030420103,AMERICAN WATER WORKS CO INC,13809.6430,309.8370,2666.2360,0001410636
179437,20121231,2012,AWK,030420103,AMERICAN WATER WORKS CO INC,13722.8400,358.2230,2876.8890,0001410636
179437,20131231,2013,AWK,030420103,AMERICAN WATER WORKS CO INC,14026.8290,369.2830,2901.8580,0001410636
179437,20141231,2014,AWK,030420103,AMERICAN WATER WORKS CO INC,15056.0840,423.1080,3011.3280,0001410636
179437,20151231,2015,AWK,030420103,AMERICAN WATER WORKS CO INC,16120.0000,476.0000,3159.0000,0001410636
179437,20161231,2016,AWK,030420103,AMERICAN WATER WORKS CO INC,17264.0000,468.0000,3302.0000,0001410636
179437,20171231,2017,AWK,030420103,AMERICAN WATER WORKS CO INC,18206.0000,426.0000,3357.0000,0001410636
179437,20181231,2018,AWK,030420103,AMERICAN WATER WORKS CO INC,19901.0000,567.0000,3440.0000,0001410636
179437,20191231,2019,AWK,030420103,AMERICAN WATER WORKS CO INC,21327.0000,621.0000,3610.0000,0001410636
186989,20091231,2009,MPC,56585A102,MARATHON PETROLEUM CORP,21254.0000,449.0000,40606.0000,0001510295
186989,20101231,2010,MPC,56585A102,MARATHON PETROLEUM CORP,23232.0000,623.0000,57279.0000,0001510295
186989,20111231,2011,MPC,56585A102,MARATHON PETROLEUM CORP,25745.0000,2389.0000,73524.0000,0001510295
186989,20121231,2012,MPC,56585A102,MARATHON PETROLEUM CORP,27223.0000,3389.0000,76534.0000,0001510295
186989,20131231,2013,MPC,56585A102,MARATHON PETROLEUM CORP,28385.0000,2112.0000,93897.0000,0001510295
186989,20141231,2014,MPC,56585A102,MARATHON PETROLEUM CORP,30460.0000,2524.0000,91132.0000,0001510295
186989,20151231,2015,MPC,56585A102,MARATHON PETROLEUM CORP,43115.0000,2852.0000,64359.0000,0001510295
186989,20161231,2016,MPC,56585A102,MARATHON PETROLEUM CORP,44413.0000,1174.0000,55833.0000,0001510295
186989,20171231,2017,MPC,56585A102,MARATHON PETROLEUM CORP,49047.0000,3432.0000,66974.0000,0001510295
186989,20181231,2018,MPC,56585A102,MARATHON PETROLEUM CORP,92940.0000,2780.0000,96504.0000,0001510295
186989,20191231,2019,MPC,56585A102,MARATHON PETROLEUM CORP,98556.0000,2637.0000,123949.0000,0001510295
