,Ticker,Year,Month,Day,Open,High,Low,Close,Adj Close,Volume,Annual_Stock_Return
0,AEE,2012,1,1,33.650001525878906,33.68000030517578,30.899999618530273,31.639999389648438,22.85433578491211,37740200.0,
1,AEE,2013,1,1,31.139999389648438,32.599998474121094,30.639999389648438,32.439998626708984,24.643587112426758,40006600.0,7.828936024891475
2,AEE,2014,1,1,36.04999923706055,37.939998626708984,35.220001220703125,37.84000015258789,30.116273880004883,32563200.0,22.20734644924509
3,AEE,2015,1,1,46.290000915527344,46.810001373291016,44.63999938964844,45.279998779296875,37.500370025634766,32918400.0,24.51862463149006
4,AEE,2016,1,1,43.130001068115234,44.970001220703125,41.5,44.91999816894531,38.772789001464844,42957800.0,3.3930837881340103
5,AEE,2017,1,1,52.59000015258789,53.400001525878906,51.349998474121094,52.650001525878906,47.06590270996094,23475100.0,21.38900482032071
6,AEE,2018,1,1,58.97999954223633,59.029998779296875,54.83000183105469,56.630001068115234,52.190616607666016,31432400.0,10.88837906559581
7,AEE,2019,1,1,65.06999969482422,69.62000274658203,63.130001068115234,69.33999633789062,65.87787628173828,29291500.0,26.225518232451407
8,AEP,2012,1,1,41.959999084472656,41.97999954223633,39.2400016784668,39.560001373291016,28.056011199951172,105684800.0,
9,AEP,2013,1,1,43.16999816894531,45.34000015258789,42.91999816894531,45.290000915527344,33.64072799682617,67739200.0,19.905597973544854
10,AEP,2014,1,1,46.97999954223633,48.97999954223633,45.79999923706055,48.810001373291016,37.800228118896484,54229000.0,12.36447713754214
11,AEP,2015,1,1,60.880001068115234,65.37999725341797,59.970001220703125,62.810001373291016,50.56589126586914,52880300.0,33.771391820228324
12,AEP,2016,1,1,57.81999969482422,61.08000183105469,56.75,60.970001220703125,50.95571517944336,70842400.0,0.7709226591588569
13,AEP,2017,1,1,63.0099983215332,64.11000061035156,61.81999969482422,64.05999755859375,55.45878601074219,45686700.0,8.83722427492386
14,AEP,2018,1,1,73.18000030517578,73.41999816894531,67.11000061035156,68.77999877929688,61.63372802734375,82351000.0,11.134289912883233
15,AEP,2019,1,1,74.61000061035156,79.61000061035156,72.26000213623047,79.12000274658203,73.54722595214844,57152100.0,19.329510490618507
16,AES,2012,1,1,12.029999732971191,13.149999618530273,11.850000381469727,12.760000228881836,9.78839111328125,109505500.0,
17,AES,2013,1,1,10.890000343322754,11.359999656677246,10.65999984741211,10.84000015258789,8.347479820251465,134687000.0,-14.720614208750849
18,AES,2014,1,1,14.510000228881836,14.800000190734863,13.420000076293945,14.0600004196167,10.966026306152344,120461400.0,31.369305973620154
19,AES,2015,1,1,13.859999656677246,13.869999885559082,12.170000076293945,12.220000267028809,9.667094230651855,118950800.0,-11.845057081175703
20,AES,2016,1,1,9.4399995803833,9.59000015258789,8.220000267028809,9.5,7.763638496398926,138380800.0,-19.690050482983434
21,AES,2017,1,1,11.670000076293945,12.0600004196167,11.149999618530273,11.4399995803833,9.731338500976562,124725400.0,25.34507506358432
22,AES,2018,1,1,10.869999885559082,11.949999809265137,10.640000343322754,11.5600004196167,10.266968727111816,237380100.0,5.504178341771815
23,AES,2019,1,1,14.270000457763672,16.420000076293945,13.970000267028809,16.389999389648438,15.15662670135498,114648400.0,47.625137508514314
24,APA,2012,1,1,93.94000244140625,101.23999786376953,91.4800033569336,98.87999725341797,83.90869903564453,64430800.0,
25,APA,2013,1,1,80.0,86.3499984741211,79.25,83.76000213623047,71.60027313232422,58692200.0,-14.668831771651803
26,APA,2014,1,1,85.81999969482422,87.91000366210938,79.83999633789062,80.26000213623047,69.26642608642578,53775300.0,-3.2595504790676744
27,APA,2015,1,1,62.18000030517578,65.31999969482422,57.439998626708984,62.56999969482422,54.61173629760742,87464400.0,-21.156988481740445
28,APA,2016,1,1,44.25,45.11000061035156,32.20000076293945,42.540000915527344,37.806068420410156,137924000.0,-30.772996825470887
29,APA,2017,1,1,64.70999908447266,64.91999816894531,59.099998474121094,59.81999969482422,54.256874084472656,60689600.0,43.51366421159333
30,APA,2018,1,1,42.650001525878906,48.970001220703125,42.540000915527344,44.869998931884766,41.525062561035156,87650500.0,-23.465803620782346
31,APA,2019,1,1,25.610000610351562,33.47999954223633,25.59000015258789,32.81999969482422,31.076448440551758,100299100.0,-25.162187546678872
32,ATO,2012,1,1,33.83000183105469,33.83000183105469,31.940000534057617,32.40999984741211,25.202804565429688,7322700.0,
33,ATO,2013,1,1,35.61000061035156,37.689998626708984,34.869998931884766,37.36000061035156,30.276386260986328,10141400.0,20.13102026952984
34,ATO,2014,1,1,45.34000015258789,48.380001068115234,44.15999984741211,48.0099983215332,40.24172592163086,7209600.0,32.91456111948774
35,ATO,2015,1,1,55.91999816894531,59.349998474121094,54.36000061035156,56.90999984741211,49.17181396484375,10503700.0,22.191115909401795
36,ATO,2016,1,1,63.02000045776367,69.22000122070312,60.0,69.22000122070312,61.51495361328125,12492200.0,25.10206285507881
37,ATO,2017,1,1,74.33999633789062,76.26000213623047,72.54000091552734,76.18000030517578,69.32749938964844,7972100.0,12.70023842573529
38,ATO,2018,1,1,85.93000030517578,86.12000274658203,79.11000061035156,82.9000015258789,77.12163543701172,14734000.0,11.242488357407932
39,ATO,2019,1,1,92.29000091552734,97.9000015258789,89.19000244140625,97.62999725341797,92.88027954101562,13074800.0,20.433493162725537
40,AWK,2012,1,1,32.04999923706055,33.939998626708984,31.25,33.72999954223633,27.53804588317871,18453100.0,
41,AWK,2013,1,1,37.66999816894531,38.900001525878906,36.959999084472656,38.279998779296875,32.34748458862305,22769700.0,17.464705832239623
42,AWK,2014,1,1,42.0099983215332,42.68000030517578,41.11000061035156,42.56999969482422,36.69364929199219,15544700.0,13.435866060811819
43,AWK,2015,1,1,53.29999923706055,57.47999954223633,52.900001525878906,56.13999938964844,49.66048049926758,15733400.0,35.33808017864606
44,AWK,2016,1,1,59.68000030517578,65.04000091552734,58.900001525878906,64.91000366210938,58.842872619628906,20421600.0,18.49034086671142
45,AWK,2017,1,1,72.37000274658203,73.47000122070312,69.95999908447266,73.44000244140625,67.93278503417969,18172600.0,15.447771344049844
46,AWK,2018,1,1,91.0,91.4800033569336,80.56999969482422,83.16999816894531,78.49921417236328,27967900.0,15.554241052927843
47,AWK,2019,1,1,90.44999694824219,96.13999938964844,88.0,95.66999816894531,92.21357727050781,20243200.0,17.47070113088196
48,BKR,2012,1,1,50.70000076293945,52.959999084472656,45.5099983215332,49.130001068115234,28.482013702392578,159569600.0,
49,BKR,2013,1,1,41.66999816894531,46.900001525878906,40.97999954223633,44.720001220703125,26.269662857055664,77939000.0,-7.767536623125315
50,BKR,2014,1,1,54.97999954223633,57.34000015258789,50.79999923706055,56.63999938964844,33.6889533996582,113873200.0,28.24280837928539
51,BKR,2015,1,1,55.869998931884766,59.560001373291016,53.47999954223633,57.9900016784668,34.85515213012695,100006400.0,3.46166506461012
52,BKR,2016,1,1,45.849998474121094,47.880001068115234,37.58000183105469,43.5099983215332,26.45766830444336,58062200.0,-24.092518071167024
53,BKR,2017,1,1,65.29000091552734,65.80000305175781,60.2599983215332,63.08000183105469,38.91134262084961,50553500.0,47.0701883971943
54,BKR,2018,1,1,31.709999084472656,37.22999954223633,30.719999313354492,32.150001525878906,28.936019897460938,111840300.0,-25.63602808720268
55,BKR,2019,1,1,21.190000534057617,24.959999084472656,20.540000915527344,23.56999969482422,21.72018051147461,106650400.0,-24.937221537574004
56,CMS,2012,1,1,22.31999969482422,22.399999618530273,21.25,21.829999923706055,16.20274543762207,55287500.0,
57,CMS,2013,1,1,24.739999771118164,25.739999771118164,24.600000381469727,25.700000762939453,19.87613868713379,43223300.0,22.67142481287312
58,CMS,2014,1,1,26.799999237060547,27.809999465942383,25.950000762939453,27.790000915527344,22.294145584106445,54552200.0,12.165375453623085
59,CMS,2015,1,1,34.900001525878906,38.65999984741211,34.650001525878906,37.72999954223633,31.384199142456055,45442700.0,40.77327621306077
60,CMS,2016,1,1,35.83000183105469,39.099998474121094,34.959999084472656,38.880001068115234,33.425167083740234,58295500.0,6.503170375704093
61,CMS,2017,1,1,41.63999938964844,42.61000061035156,41.119998931884766,42.599998474121094,37.73410415649414,35361100.0,12.89129553775663
62,CMS,2018,1,1,47.38999938964844,47.43000030517578,43.7400016784668,44.75,40.8187255859375,51835900.0,8.17462478147235
63,CMS,2019,1,1,49.52000045776367,52.36000061035156,47.970001220703125,52.13999938964844,49.04778289794922,49533700.0,20.160005472700803
64,CNP,2012,1,1,20.309999465942383,20.350000381469727,18.06999969482422,18.469999313354492,12.686456680297852,86162500.0,
65,CNP,2013,1,1,19.520000457763672,20.610000610351562,19.34000015258789,20.440000534057617,14.626319885253906,55367500.0,15.290819602676574
66,CNP,2014,1,1,23.170000076293945,23.8700008392334,22.690000534057617,23.399999618530273,17.349788665771484,73286800.0,18.620328297778777
67,CNP,2015,1,1,23.450000762939453,23.65999984741211,22.209999084472656,23.09000015258789,17.810012817382812,71182900.0,2.6526210807355843
68,CNP,2016,1,1,18.260000228881836,18.489999771118164,16.3799991607666,17.8700008392334,14.49868106842041,106853000.0,-18.592528724799674
69,CNP,2017,1,1,24.719999313354492,26.229999542236328,24.450000762939453,26.209999084472656,22.32381248474121,60251400.0,53.97133283636899
70,CNP,2018,1,1,28.389999389648438,28.489999771118164,27.110000610351562,28.18000030517578,24.937641143798828,83279700.0,11.708701911218
71,CNP,2019,1,1,28.15999984741211,30.989999771118164,27.739999771118164,30.920000076293945,28.507431030273438,114232000.0,14.314865892447482
72,COG,2012,1,1,19.52750015258789,20.78499984741211,15.0625,15.949999809265137,14.805333137512207,311345200.0,
73,COG,2013,1,1,25.364999771118164,26.809999465942383,23.395000457763672,26.389999389648438,24.545366287231445,98469000.0,65.78732852042997
74,COG,2014,1,1,38.56999969482422,40.939998626708984,36.380001068115234,39.97999954223633,37.25111389160156,109387800.0,51.76434303602011
75,COG,2015,1,1,29.469999313354492,30.389999389648438,26.010000228881836,26.5,24.747814178466797,149170600.0,-33.56490157453705
76,COG,2016,1,1,17.670000076293945,20.799999237060547,14.880000114440918,20.75,19.43568229675293,204511000.0,-21.465054826280294
77,COG,2017,1,1,22.979999542236328,23.329999923706055,20.989999771118164,21.479999542236328,20.19269561767578,130268700.0,3.8949665330211936
78,COG,2018,1,1,28.309999465942383,29.559999465942383,26.260000228881836,26.350000381469727,24.938631057739258,97240100.0,23.50322874133306
79,COG,2019,1,1,22.100000381469727,26.1200008392334,21.90999984741211,24.950000762939453,23.849550247192383,138724200.0,-4.367043275251858
80,COP,2012,1,1,56.350440979003906,57.04414749145508,51.8375244140625,51.99761199951172,38.14680862426758,241008799.0,
81,COP,2013,1,1,59.150001525878906,62.04999923706055,57.810001373291016,58.0,44.5093994140625,125010900.0,16.67922172065339
82,COP,2014,1,1,70.2699966430664,70.91999816894531,64.3499984741211,64.94999694824219,51.989131927490234,108416500.0,16.804838105868836
83,COP,2015,1,1,68.5,69.4800033569336,60.63999938964844,62.97999954223633,52.352195739746094,186354400.0,0.6983455941565353
84,COP,2016,1,1,46.40999984741211,47.77000045776367,32.709999084472656,39.08000183105469,34.11201095581055,333669800.0,-34.84129849034679
85,COP,2017,1,1,50.81999969482422,51.68000030517578,47.189998626708984,48.7599983215332,43.648529052734375,117670400.0,27.95648168991751
86,COP,2018,1,1,55.09000015258789,61.31999969482422,54.81999969482422,58.810001373291016,53.834232330322266,110956800.0,23.335730890912586
87,COP,2019,1,1,60.689998626708984,68.30999755859375,60.43000030517578,67.69000244140625,63.07465744018555,132754500.0,17.16458972269692
88,CVX,2012,1,1,108.73999786376953,110.98999786376953,102.08000183105469,103.12000274658203,70.92446899414062,157208700.0,
89,CVX,2013,1,1,110.2699966430664,117.5,108.73999786376953,115.1500015258789,81.8683090209961,119425000.0,15.430274180494163
90,CVX,2014,1,1,124.45999908447266,125.31999969482422,111.11000061035156,111.62999725341797,81.97731018066406,131342300.0,0.13314206800096873
91,CVX,2015,1,1,111.62999725341797,113.0,98.87999725341797,102.52999877929688,77.97950744628906,209711800.0,-4.876718601237984
92,CVX,2016,1,1,89.52999877929688,90.11000061035156,75.33000183105469,86.47000122070312,68.7475357055664,280097900.0,-11.838971600431659
93,CVX,2017,1,1,118.37999725341797,119.0,110.72000122070312,111.3499984741211,92.46997833251953,123832300.0,34.506607958359645
94,CVX,2018,1,1,125.70999908447266,133.8800048828125,124.05000305175781,125.3499984741211,108.23207092285156,130293100.0,17.04563240368888
95,CVX,2019,1,1,107.33999633789062,115.41000366210938,107.0999984741211,114.6500015258789,102.81250762939453,139155300.0,-5.007354333375114
96,D,2012,1,1,53.470001220703125,53.68000030517578,48.869998931884766,50.040000915527344,34.51283645629883,60164900.0,
97,D,2013,1,1,52.36000061035156,54.540000915527344,51.91999816894531,54.11000061035156,38.87334060668945,42139300.0,12.634441553107422
98,D,2014,1,1,64.61000061035156,68.47000122070312,63.13999938964844,67.91000366210938,50.719783782958984,51101800.0,30.47446654026682
99,D,2015,1,1,77.26000213623047,79.88999938964844,75.33000183105469,76.88999938964844,59.416481018066406,47551200.0,17.146558179984538
100,D,2016,1,1,66.97000122070312,72.19999694824219,66.25,72.16999816894531,57.84786605834961,62589900.0,-2.6400334264828573
101,D,2017,1,1,76.56999969482422,77.05000305175781,74.69999694824219,76.27999877929688,63.53681945800781,41851500.0,9.83433579714057
102,D,2018,1,1,81.19999694824219,81.66999816894531,74.31999969482422,76.44000244140625,66.12266540527344,118633500.0,4.069838511470714
103,D,2019,1,1,71.4000015258789,72.9000015258789,67.41000366210938,70.23999786376953,63.68996810913086,120660400.0,-3.679067202195041
104,DTE,2012,1,1,54.939998626708984,55.040000915527344,52.459999084472656,53.209999084472656,38.356014251708984,15512700.0,
105,DTE,2013,1,1,60.83000183105469,63.47999954223633,60.33000183105469,63.310001373291016,47.56288146972656,11181000.0,24.00371205829177
106,DTE,2014,1,1,66.4000015258789,68.33999633789062,64.83999633789062,68.22000122070312,53.29267501831055,22511400.0,12.0467754928409
107,DTE,2015,1,1,86.83000183105469,92.2699966430664,85.69000244140625,89.66000366210938,72.57450866699219,14959300.0,36.18102045366778
108,DTE,2016,1,1,79.5,85.18000030517578,78.01000213623047,85.01000213623047,71.37721252441406,27256100.0,-1.6497475002854145
109,DTE,2017,1,1,98.73999786376953,99.48999786376953,96.58000183105469,98.63999938964844,85.59246063232422,18156300.0,19.91566720688054
110,DTE,2018,1,1,109.68000030517578,110.48999786376953,102.83999633789062,105.63999938964844,94.53325653076172,27300300.0,10.445775051197659
111,DTE,2019,1,1,110.18000030517578,118.31999969482422,107.33000183105469,117.75,108.96723937988281,21013100.0,15.268682555566237
112,DUK,2012,1,1,66.33000183105469,66.33000183105469,62.61000061035156,63.93000030517578,42.75861358642578,66802167.0,
113,DUK,2013,1,1,64.55999755859375,68.91999816894531,64.44000244140625,68.73999786376953,48.18759536743164,55455100.0,12.69681433901626
114,DUK,2014,1,1,69.19999694824219,70.68000030517578,67.05000305175781,70.62000274658203,51.71934127807617,70414700.0,7.329159887964698
115,DUK,2015,1,1,83.54000091552734,89.97000122070312,82.61000061035156,87.13999938964844,66.60862731933594,59373400.0,28.788622734395375
116,DUK,2016,1,1,70.93000030517578,75.41000366210938,70.16000366210938,75.30000305175781,60.09888458251953,59412100.0,-9.773122489985141
117,DUK,2017,1,1,77.6500015258789,78.55999755859375,76.13999938964844,78.54000091552734,65.4000473022461,56710600.0,8.820733956297854
118,DUK,2018,1,1,84.27999877929688,84.41999816894531,76.63999938964844,78.5,68.1383056640625,79844000.0,4.186936362846283
119,DUK,2019,1,1,86.11000061035156,88.4800033569336,82.45999908447266,87.77999877929688,79.76687622070312,63371400.0,17.066128139393655
120,DVN,2012,1,1,64.86000061035156,66.91000366210938,62.130001068115234,63.810001373291016,53.294185638427734,63606200.0,
121,DVN,2013,1,1,53.060001373291016,58.400001525878906,51.630001068115234,57.189998626708984,48.41060256958008,71600800.0,-9.16344439894462
122,DVN,2014,1,1,61.689998626708984,61.9900016784668,58.209999084472656,59.220001220703125,50.88425827026367,62896400.0,5.109739539242941
123,DVN,2015,1,1,60.630001068115234,62.56999969482422,56.77000045776367,60.27000045776367,52.53118133544922,82476900.0,3.236606214122606
124,DVN,2016,1,1,31.780000686645508,32.93000030517578,19.690000534057617,27.899999618530273,24.82840919494629,199227500.0,-52.735863607560795
125,DVN,2017,1,1,46.81999969482422,49.45000076293945,44.41999816894531,45.540000915527344,41.14219284057617,81865100.0,65.70611720444208
126,DVN,2018,1,1,41.790000915527344,45.15999984741211,41.06999969482422,41.369998931884766,37.62592697143555,97376200.0,-8.546617538753875
127,DVN,2019,1,1,21.940000534057617,27.920000076293945,21.760000228881836,26.649999618530273,24.44642448425293,163920800.0,-35.02771505719472
128,ED,2012,1,1,62.099998474121094,62.2599983215332,57.59000015258789,58.959999084472656,41.16952896118164,45207800.0,
129,ED,2013,1,1,56.20000076293945,57.060001373291016,54.95000076293945,56.880001068115234,41.3690299987793,35279900.0,0.4845842122356281
130,ED,2014,1,1,55.150001525878906,55.150001525878906,52.849998474121094,54.40999984741211,41.25637435913086,48235500.0,-0.27231878449111013
131,ED,2015,1,1,66.0999984741211,72.25,65.36000061035156,69.27999877929688,54.902706146240234,44308000.0,33.07690508215772
132,ED,2016,1,1,63.849998474121094,70.19999694824219,63.470001220703125,69.38999938964844,57.28238296508789,57640400.0,4.334352504426819
133,ED,2017,1,1,73.72000122070312,74.83000183105469,72.12999725341797,74.3499984741211,63.65469741821289,31317500.0,11.124387854130923
134,ED,2018,1,1,84.75,84.94000244140625,77.7699966430664,80.36000061035156,71.19042205810547,47223000.0,11.838442323247067
135,ED,2019,1,1,76.31999969482422,77.98999786376953,73.30000305175781,77.6500015258789,71.36758422851562,48760800.0,0.24885674966999005
136,EIX,2012,1,1,41.810001373291016,41.900001525878906,39.599998474121094,41.040000915527344,30.35735511779785,46202100.0,
137,EIX,2013,1,1,45.09000015258789,48.2400016784668,44.91999816894531,48.189998626708984,36.709468841552734,38535100.0,20.92446360727511
138,EIX,2014,1,1,46.060001373291016,48.41999816894531,44.7400016784668,48.15999984741211,37.76477813720703,48722600.0,2.874760460875292
139,EIX,2015,1,1,65.01000213623047,69.58999633789062,64.77999877929688,68.1500015258789,54.810298919677734,43284000.0,45.13602786316102
140,EIX,2016,1,1,58.56999969482422,62.34000015258789,57.970001220703125,61.79999923706055,51.161617279052734,51162800.0,-6.656927096807108
141,EIX,2017,1,1,71.76000213623047,72.94999694824219,70.56999969482422,72.87999725341797,61.99259948730469,28661700.0,21.170132580399326
142,EIX,2018,1,1,63.630001068115234,64.33999633789062,60.63999938964844,62.529998779296875,54.81100845336914,75073100.0,-11.584594118216074
143,EIX,2019,1,1,56.18000030517578,59.43000030517578,53.400001525878906,56.970001220703125,51.92923355102539,60468300.0,-5.257657145271177
144,EOG,2012,1,1,50.30500030517578,53.75,49.90999984741211,53.06999969482422,47.991050720214844,91064600.0,
145,EOG,2013,1,1,61.70000076293945,64.71499633789062,60.720001220703125,62.4900016784668,56.88587951660156,60239800.0,18.534348931518664
146,EOG,2014,1,1,83.28500366210938,86.63999938964844,80.62999725341797,82.62000274658203,75.6004867553711,70765000.0,32.89851083924591
147,EOG,2015,1,1,91.01000213623047,94.41000366210938,82.72000122070312,89.02999877929688,81.91278839111328,107911500.0,8.349551579168546
148,EOG,2016,1,1,70.80000305175781,71.18000030517578,57.150001525878906,71.0199966430664,65.84745788574219,121728600.0,-19.612725706104783
149,EOG,2017,1,1,102.62999725341797,106.79000091552734,99.56999969482422,101.58000183105469,94.99182891845703,59549600.0,44.26043459913949
150,EOG,2018,1,1,108.66999816894531,119.0,108.22000122070312,115.0,108.28662109375,59106000.0,13.995721870673217
151,EOG,2019,1,1,85.66000366210938,101.37000274658203,85.19999694824219,99.19999694824219,94.00897216796875,68687700.0,-13.185053501134048
152,ES,2012,1,1,36.459999084472656,36.52000045776367,33.47999954223633,34.75,25.790122985839844,31578300.0,
153,ES,2013,1,1,39.470001220703125,41.13999938964844,38.599998474121094,40.72999954223633,31.326602935791016,43465900.0,21.467442993548325
154,ES,2014,1,1,42.349998474121094,43.97999954223633,41.279998779296875,43.79999923706055,34.912506103515625,39613100.0,11.446830590199975
155,ES,2015,1,1,53.529998779296875,56.83000183105469,52.93000030517578,55.58000183105469,45.833133697509766,29847700.0,31.279987640000595
156,ES,2016,1,1,50.650001525878906,54.150001525878906,50.0099983215332,53.79999923706055,45.897560119628906,40049000.0,0.14056735143694876
157,ES,2017,1,1,55.25,55.900001525878906,54.08000183105469,55.31999969482422,48.772789001464844,27031700.0,6.264448206706086
158,ES,2018,1,1,63.18000030517578,64.98999786376953,60.18000030517578,63.09000015258789,57.361759185791016,60657800.0,17.61016821094281
159,ES,2019,1,1,64.93000030517578,69.81999969482422,63.099998474121094,69.41000366210938,65.23182678222656,34643000.0,13.720059684614805
160,ETR,2012,1,1,73.6500015258789,73.66000366210938,68.22000122070312,69.37999725341797,46.12184143066406,26950900.0,
161,ETR,2013,1,1,64.5199966430664,65.20999908447266,62.380001068115234,64.5999984741211,45.094764709472656,20214100.0,-2.2268770919206093
162,ETR,2014,1,1,63.349998474121094,63.4900016784668,60.400001525878906,63.029998779296875,46.265357971191406,36653200.0,2.5958518006700126
163,ETR,2015,1,1,87.4800033569336,90.33000183105469,85.16999816894531,87.51000213623047,67.25487518310547,28820300.0,45.367674935064485
164,ETR,2016,1,1,67.91000366210938,71.56999969482422,65.37999725341797,70.58000183105469,56.81852722167969,25557600.0,-15.517608103519919
165,ETR,2017,1,1,73.5,73.88999938964844,70.0199966430664,71.63999938964844,60.39225387573242,26675200.0,6.289720675282018
166,ETR,2018,1,1,81.70999908447266,82.95999908447266,76.55000305175781,78.69000244140625,69.40808868408203,27896500.0,14.928793396088945
167,ETR,2019,1,1,85.6500015258789,89.48999786376953,83.23999786376953,89.19000244140625,82.2798080444336,29503600.0,18.54498460393932
168,EVRG,2012,1,1,29.110000610351562,29.1299991607666,27.829999923706055,28.440000534057617,20.365726470947266,18241800.0,
169,EVRG,2013,1,1,28.979999542236328,30.229999542236328,28.59000015258789,30.06999969482422,22.554349899291992,13441600.0,10.746601313078163
170,EVRG,2014,1,1,32.209999084472656,33.5,31.670000076293945,33.16999816894531,25.982633590698242,22168300.0,15.200099788794486
171,EVRG,2015,1,1,41.31999969482422,44.029998779296875,40.33000183105469,42.720001220703125,34.77460861206055,21980100.0,33.837890184118294
172,EVRG,2016,1,1,42.11000061035156,43.59000015258789,40.0099983215332,43.560001373291016,36.847835540771484,18879500.0,5.961898671066268
173,EVRG,2017,1,1,56.4900016784668,56.599998474121094,54.25,54.689998626708984,47.632118225097656,14649600.0,29.267072342400002
174,EVRG,2018,1,1,52.79999923706055,53.310001373291016,50.06999969482422,51.65999984741211,46.360321044921875,12762100.0,-2.670041198179729
175,EVRG,2019,1,1,56.709999084472656,57.86000061035156,55.130001068115234,57.31999969482422,53.0778694152832,38750500.0,14.489865943448077
176,EXC,2012,1,1,43.220001220703125,43.70000076293945,38.56999969482422,39.779998779296875,27.609994888305664,184102500.0,
177,EXC,2013,1,1,30.09000015258789,31.530000686645508,29.100000381469727,31.440000534057617,23.11322593688965,154034000.0,-16.286743150831374
178,EXC,2014,1,1,27.459999084472656,29.309999465942383,26.450000762939453,29.0,22.335660934448242,149362500.0,-3.3641561094264305
179,EXC,2015,1,1,37.08000183105469,38.25,36.0099983215332,36.040000915527344,28.814992904663086,114241100.0,29.008910858875826
180,EXC,2016,1,1,27.479999542236328,29.670000076293945,26.260000228881836,29.56999969482422,24.574378967285156,151861200.0,-14.716692630841067
181,EXC,2017,1,1,35.66999816894531,36.209999084472656,34.79999923706055,35.880001068115234,30.966569900512695,103426600.0,26.011607217977705
182,EXC,2018,1,1,39.540000915527344,39.880001068115234,37.7400016784668,38.5099983215332,34.44527053833008,142038200.0,11.233729305484964
183,EXC,2019,1,1,44.779998779296875,47.93000030517578,43.5099983215332,47.7599983215332,44.17124938964844,111222000.0,28.236035598836317
184,FANG,2012,1,1,0.0,0.0,0.0,0.0,0.0,0.0,
185,FANG,2013,1,1,19.459999084472656,22.899999618530273,18.600000381469727,22.420000076293945,21.29421615600586,3337600.0,inf
186,FANG,2014,1,1,52.630001068115234,53.58000183105469,44.02000045776367,51.97999954223633,49.36990737915039,17881600.0,131.8465587906884
187,FANG,2015,1,1,60.04999923706055,70.83000183105469,55.529998779296875,68.98999786376953,65.52576446533203,30154100.0,32.724098431273305
188,FANG,2016,1,1,66.44999694824219,75.66000366210938,55.47999954223633,75.55000305175781,71.7563705444336,38748600.0,9.508635465669402
189,FANG,2017,1,1,102.5,108.5,99.12999725341797,105.16999816894531,99.8890380859375,23658300.0,39.20581173219089
190,FANG,2018,1,1,125.0,134.52000427246094,124.5999984741211,125.5,119.19821166992188,25106100.0,19.330623213502296
191,FANG,2019,1,1,90.63999938964844,108.94000244140625,89.86000061035156,103.12000274658203,98.2431640625,41213700.0,-17.580001674395596
192,FE,2012,1,1,44.66999816894531,44.7400016784668,40.369998931884766,42.220001220703125,27.9639835357666,96417200.0,
193,FE,2013,1,1,42.220001220703125,42.5,39.18000030517578,40.4900016784668,28.13558578491211,84662100.0,0.61365452073745
194,FE,2014,1,1,32.959999084472656,33.040000915527344,30.229999542236328,31.489999771118164,23.1173095703125,103097300.0,-17.83604668110622
195,FE,2015,1,1,39.099998474121094,41.68000030517578,37.93000030517578,40.33000183105469,30.939205169677734,59143500.0,33.83566576194574
196,FE,2016,1,1,31.520000457763672,33.11000061035156,30.6200008392334,33.060001373291016,26.428865432739258,82800800.0,-14.578072423653854
197,FE,2017,1,1,30.969999313354492,31.360000610351562,29.510000228881836,30.31999969482422,25.31560516357422,88173400.0,-4.2122892940609
198,FE,2018,1,1,30.719999313354492,34.130001068115234,29.34000015258789,32.900001525878906,28.787755966186523,213092300.0,13.71545645532608
199,FE,2019,1,1,37.38999938964844,39.43000030517578,36.290000915527344,39.20000076293945,35.760520935058594,95029500.0,24.221286914694318
200,FTI,2012,1,1,40.230655670166016,40.9226188659668,37.70089340209961,38.02827453613281,35.55120086669922,63198777.0,
201,FTI,2013,1,1,32.55208206176758,35.4538688659668,31.279762268066406,35.230655670166016,32.935821533203125,57319450.0,-7.356655386417388
202,FTI,2014,1,1,38.64583206176758,38.95089340209961,35.95981979370117,36.78571319580078,34.38957977294922,52367213.0,4.413912184581581
203,FTI,2015,1,1,34.55356979370117,34.813987731933594,25.9300594329834,27.886905670166016,26.07042121887207,100911014.0,-24.190928208494668
204,FTI,2016,1,1,21.488094329833984,21.778274536132812,17.001487731933594,18.712797164916992,17.4938907623291,114793057.0,-32.897552304734226
205,FTI,2017,1,1,26.845237731933594,27.596725463867188,24.434524536132812,25.014881134033203,23.38547134399414,251150054.0,33.67793169459945
206,FTI,2018,1,1,23.23660659790039,26.041667938232422,23.154762268066406,24.15178680419922,22.68939781188965,91177633.0,-2.9765212847987277
207,FTI,2019,1,1,14.188987731933594,17.946428298950195,14.1443452835083,17.083332061767578,16.34370994567871,116309896.0,-27.967634570211843
208,HAL,2012,1,1,33.880001068115234,37.95000076293945,33.63999938964844,36.779998779296875,31.436309814453125,388438000.0,
209,HAL,2013,1,1,35.47999954223633,41.060001373291016,35.06999969482422,40.68000030517578,35.15351486206055,258173700.0,11.824559146883097
210,HAL,2014,1,1,50.470001220703125,51.5,47.599998474121094,49.0099983215332,42.843387603759766,187710100.0,21.875117671372646
211,HAL,2015,1,1,39.16999816894531,42.04999923706055,37.27000045776367,39.9900016784668,35.3682746887207,387267900.0,-17.447530023006575
212,HAL,2016,1,1,33.86000061035156,34.72999954223633,27.639999389648438,31.790000915527344,28.608776092529297,278957000.0,-19.11175666803753
213,HAL,2017,1,1,54.959999084472656,58.779998779296875,53.91999816894531,56.56999969482422,51.79402542114258,181312500.0,81.04243695579736
214,HAL,2018,1,1,48.91999816894531,57.86000061035156,48.720001220703125,53.70000076293945,49.96708679199219,207405400.0,-3.5273153887834807
215,HAL,2019,1,1,26.110000610351562,32.369998931884766,26.010000228881836,31.360000610351562,29.70777130126953,225289800.0,-40.54532051280094
216,HES,2012,1,1,58.720001220703125,62.060001373291016,54.099998474121094,56.29999923706055,48.559391021728516,106728100.0,
217,HES,2013,1,1,54.130001068115234,70.7699966430664,53.060001373291016,67.16000366210938,58.37173843383789,119165600.0,20.206899645258545
218,HES,2014,1,1,82.94999694824219,83.0,74.87999725341797,75.48999786376953,66.22561645507812,56423700.0,13.454932527223429
219,HES,2015,1,1,73.19000244140625,74.81999969482422,63.810001373291016,67.48999786376953,59.92441940307617,70334800.0,-9.514742767666274
220,HES,2016,1,1,48.400001525878906,49.849998474121094,32.40999984741211,42.5,38.37637710571289,137119700.0,-35.95870016265378
221,HES,2017,1,1,63.380001068115234,64.4000015258789,53.0,54.18000030517578,49.84456253051758,98044200.0,29.8834498973523
222,HES,2018,1,1,47.970001220703125,55.47999954223633,47.02000045776367,50.5099983215332,47.52465057373047,91394500.0,-4.654292943922888
223,HES,2019,1,1,39.290000915527344,55.380001068115234,39.08000183105469,54.0,51.724891662597656,114788500.0,8.838026241457309
224,HFC,2012,1,1,24.010000228881836,30.149999618530273,23.959999084472656,29.34000015258789,18.803428649902344,65245200.0,
225,HFC,2013,1,1,47.689998626708984,52.5,42.7599983215332,52.220001220703125,36.433040618896484,73521300.0,93.75743273866016
226,HFC,2014,1,1,49.16999816894531,50.7400016784668,46.029998779296875,46.29999923706055,34.491355895996094,59120100.0,-5.32946108783825
227,HFC,2015,1,1,37.5,38.4900016784668,30.149999618530273,35.91999816894531,28.68667221069336,71612800.0,-16.829386768110698
228,HFC,2016,1,1,39.65999984741211,41.290000915527344,32.41999816894531,34.970001220703125,28.765119552612305,66193700.0,0.2734626775206861
229,HFC,2017,1,1,33.209999084472656,34.779998779296875,28.43000030517578,28.969999313354492,24.92643165588379,58096200.0,-13.344939831407398
230,HFC,2018,1,1,51.380001068115234,53.209999084472656,45.4900016784668,47.959999084472656,43.09496307373047,53738900.0,72.88861746706559
231,HFC,2019,1,1,50.08000183105469,57.66999816894531,48.310001373291016,56.34000015258789,51.735572814941406,46880500.0,20.050161608046537
232,KMI,2012,1,1,32.56999969482422,34.25,32.04999923706055,32.470001220703125,21.164932250976562,44573100.0,
233,KMI,2013,1,1,35.81999969482422,38.209999084472656,35.7400016784668,37.459999084472656,25.38127326965332,126811000.0,19.921353721707334
234,KMI,2014,1,1,35.9900016784668,36.45000076293945,33.599998474121094,34.0099983215332,24.014543533325195,126932700.0,-5.38479579731026
235,KMI,2015,1,1,42.310001373291016,42.93000030517578,39.95000076293945,41.04999923706055,30.38153839111328,250967700.0,26.51307883055345
236,KMI,2016,1,1,14.890000343322754,16.469999313354492,11.199999809265137,16.450000762939453,12.854299545288086,760452700.0,-57.690425745366404
237,KMI,2017,1,1,20.920000076293945,22.940000534057617,20.8799991607666,22.34000015258789,17.949989318847656,257234100.0,39.64190935185934
238,KMI,2018,1,1,18.31999969482422,19.829999923706055,17.950000762939453,17.979999542236328,14.808279991149902,358639800.0,-17.502569343586906
239,KMI,2019,1,1,15.199999809265137,18.190000534057617,15.100000381469727,18.100000381469727,15.555434226989746,372277100.0,5.045516672337214
240,LNT,2012,1,1,22.274999618530273,22.28499984741211,20.93000030517578,21.19499969482422,15.423293113708496,27191800.0,
241,LNT,2013,1,1,21.8700008392334,23.075000762939453,21.864999771118164,22.920000076293945,17.36455726623535,20721400.0,12.586573685754733
242,LNT,2014,1,1,25.80500030517578,26.094999313354492,25.0,25.979999542236328,20.426776885986328,21820200.0,17.63488451102253
243,LNT,2015,1,1,33.34000015258789,35.400001525878906,32.650001525878906,34.30500030517578,27.952478408813477,25453200.0,36.842334768879326
244,LNT,2016,1,1,31.260000228881836,32.67499923706055,30.375,32.66999816894531,27.569250106811523,24367600.0,-1.3709993668436948
245,LNT,2017,1,1,37.939998626708984,38.290000915527344,36.560001373291016,37.650001525878906,32.84358596801758,19839900.0,19.131227148985563
246,LNT,2018,1,1,42.619998931884766,42.720001220703125,39.06999969482422,39.75,35.78262710571289,38084600.0,8.948600011452124
247,LNT,2019,1,1,42.15999984741211,44.54999923706055,40.75,44.470001220703125,41.32936096191406,38412700.0,15.501192351848324
248,MPC,2012,1,1,17.274999618530273,19.520000457763672,15.119999885559082,19.110000610351562,14.379828453063965,147504200.0,
249,MPC,2013,1,1,32.07500076293945,37.505001068115234,30.020000457763672,37.10499954223633,28.6577205657959,150201400.0,99.29111574129863
250,MPC,2014,1,1,45.744998931884766,45.93000030517578,40.685001373291016,43.525001525878906,34.30091857910156,154711000.0,19.69171972470498
251,MPC,2015,1,1,44.775001525878906,46.69499969482422,37.619998931884766,46.29499816894531,37.24709701538086,160766600.0,8.589211479818237
252,MPC,2016,1,1,51.68000030517578,52.83000183105469,38.95000076293945,41.790000915527344,34.35440444946289,131786000.0,-7.766222867579331
253,MPC,2017,1,1,53.70000076293945,54.59000015258789,46.880001068115234,48.04999923706055,40.964168548583984,129488500.0,19.239932128191594
254,MPC,2018,1,1,66.11000061035156,73.52999877929688,65.9800033569336,69.2699966430664,60.739410400390625,77022100.0,48.27448609960916
255,MPC,2019,1,1,58.16999816894531,67.11000061035156,57.790000915527344,66.26000213623047,59.6140022277832,135382800.0,-1.8528467187758246
256,MRO,2012,1,1,29.959999084472656,32.880001068115234,29.920000076293945,31.389999389648438,26.545644760131836,148031400.0,
257,MRO,2013,1,1,31.43000030517578,34.25,31.030000686645508,33.61000061035156,29.094690322875977,93868700.0,9.602500092868272
258,MRO,2014,1,1,35.25,35.33000183105469,32.400001525878906,32.790000915527344,28.973190307617188,95105900.0,-0.417602022604302
259,MRO,2015,1,1,28.059999465942383,28.799999237060547,24.809999465942383,26.600000381469727,24.04931640625,158069900.0,-16.994586543935686
260,MRO,2016,1,1,12.5600004196167,13.0,7.079999923706055,9.729999542236328,9.064921379089355,496498100.0,-62.306947831857954
261,MRO,2017,1,1,17.739999771118164,18.270000457763672,16.280000686645508,16.75,15.887669563293457,179155700.0,75.2653872977054
262,MRO,2018,1,1,17.110000610351562,19.520000457763672,17.040000915527344,18.190000534057617,17.495786666870117,231613400.0,10.121793490040986
263,MRO,2019,1,1,13.899999618530273,16.420000076293945,13.859999656677246,15.789999961853027,15.354674339294434,232338100.0,-12.237873999858929
264,NEE,2012,1,1,15.289999961853027,15.289999961853027,14.642499923706055,14.962499618530273,11.486944198608398,202818400.0,
265,NEE,2013,1,1,17.497499465942383,18.217500686645508,17.452499389648438,18.012500762939453,14.348529815673828,133143600.0,24.911635049224845
266,NEE,2014,1,1,21.34749984741211,23.0625,20.99250030517578,22.982500076293945,18.93688201904297,185345600.0,31.9778560055469
267,NEE,2015,1,1,26.657499313354492,28.15999984741211,26.297500610351562,27.309999465942383,23.187679290771484,163573600.0,22.447186751514337
268,NEE,2016,1,1,25.717500686645508,27.96500015258789,25.549999237060547,27.927499771118164,24.441884994506836,229886400.0,5.408931562351382
269,NEE,2017,1,1,29.885000228881836,31.077499389648438,29.332500457763672,30.93000030517578,27.880136489868164,141486400.0,14.067047186148107
270,NEE,2018,1,1,39.10749816894531,39.807498931884766,37.26750183105469,39.60499954223633,36.69615173339844,189318400.0,31.621133729865612
271,NEE,2019,1,1,43.16999816894531,45.220001220703125,42.165000915527344,44.744998931884766,42.58226013183594,208897600.0,16.040124428307156
272,NI,2012,1,1,9.45383071899414,9.45383071899414,8.770137786865234,8.931238174438477,6.6541924476623535,192450613.0,
273,NI,2013,1,1,9.874262809753418,10.73084545135498,9.764244079589844,10.620824813842773,8.221078872680664,123066024.0,23.547356607769366
274,NI,2014,1,1,12.903733253479004,13.62671947479248,12.61689567565918,13.504912376403809,10.798260688781738,120634023.0,31.348462361372853
275,NI,2015,1,1,16.71512794494629,17.64243507385254,16.200393676757812,16.998035430908203,13.966303825378418,93796744.0,29.33845762668006
276,NI,2016,1,1,19.40999984741211,21.1299991607666,19.049999237060547,21.010000228881836,17.767696380615234,55862200.0,27.218314901106755
277,NI,2017,1,1,22.170000076293945,22.739999771118164,21.649999618530273,22.3700008392334,19.453746795654297,52136600.0,9.489414828579367
278,NI,2018,1,1,25.639999389648438,25.690000534057617,23.770000457763672,24.68000030517578,22.080472946166992,64561400.0,13.50241769929621
279,NI,2019,1,1,25.290000915527344,27.299999237060547,24.690000534057617,27.280000686645508,25.19038200378418,55149100.0,14.084431367023974
280,NOV,2012,1,1,63.0748405456543,70.7394027709961,62.48872756958008,66.70874786376953,58.789794921875,79621988.0,
281,NOV,2013,1,1,63.19206619262695,67.62849426269531,62.091976165771484,66.85301971435547,59.30695724487305,69424399.0,0.8796804337985797
282,NOV,2014,1,1,71.59603118896484,72.42560577392578,65.52750396728516,67.63751220703125,60.73663330078125,95435994.0,2.4106380133534833
283,NOV,2015,1,1,64.97000122070312,66.0199966430664,52.13999938964844,54.43000030517578,49.95331573486328,127939600.0,-17.75422340668208
284,NOV,2016,1,1,33.5099983215332,34.61000061035156,28.510000228881836,32.540000915527344,31.157983779907227,135006500.0,-37.625794561297695
285,NOV,2017,1,1,38.119998931884766,39.939998626708984,36.81999969482422,37.810001373291016,36.90043640136719,59561800.0,18.430116216836478
286,NOV,2018,1,1,36.130001068115234,39.29999923706055,35.75,36.68000030517578,36.005252838134766,60607000.0,-2.425943025430599
287,NOV,2019,1,1,25.270000457763672,30.56999969482422,25.110000610351562,29.479999542236328,29.089099884033203,76224700.0,-19.208733195664042
288,NRG,2012,1,1,18.440000534057617,18.459999084472656,16.059999465942383,16.8799991607666,14.519425392150879,64821400.0,
289,NRG,2013,1,1,23.3799991607666,24.270000457763672,22.600000381469727,24.0,20.82351303100586,82647000.0,43.418299750780335
290,NRG,2014,1,1,28.739999771118164,29.299999237060547,26.56999969482422,27.850000381469727,24.568849563598633,90806400.0,17.986093542506644
291,NRG,2015,1,1,27.030000686645508,27.899999618530273,23.760000228881836,24.65999984741211,22.149564743041992,90361500.0,-9.846960128491599
292,NRG,2016,1,1,11.569999694824219,12.039999961853027,8.920000076293945,10.640000343322754,9.841874122619629,145470000.0,-55.566286575850974
293,NRG,2017,1,1,12.319999694824219,16.639999389648438,12.1899995803833,16.540000915527344,15.636369705200195,147344500.0,58.875936741184766
294,NRG,2018,1,1,28.56999969482422,29.610000610351562,25.709999084472656,26.010000228881836,24.73655128479004,129364100.0,58.198813095109884
295,NRG,2019,1,1,39.099998474121094,42.0,37.54999923706055,40.90999984741211,39.05943298339844,73220800.0,57.90169184746146
296,OKE,2012,1,1,38.526527404785156,39.235687255859375,36.25021743774414,36.4034309387207,21.540311813354492,36535550.0,
297,OKE,2013,1,1,37.94431686401367,41.708984375,37.85676956176758,41.15741729736328,25.060501098632812,30297427.0,16.342332069194487
298,OKE,2014,1,1,54.41253662109375,60.0157585144043,53.40570831298828,59.96323013305664,37.56908416748047,43866420.0,49.913539316777936
299,OKE,2015,1,1,49.900001525878906,50.349998474121094,39.529998779296875,44.029998779296875,28.55350112915039,53129400.0,-23.99734579139382
300,OKE,2016,1,1,24.65999984741211,25.959999084472656,18.979999542236328,24.90999984741211,17.150617599487305,87682100.0,-39.93515008224975
301,OKE,2017,1,1,58.13999938964844,59.150001525878906,53.5099983215332,55.11000061035156,40.68458557128906,34032500.0,137.21936154943643
302,OKE,2018,1,1,53.7599983215332,61.36000061035156,53.560001373291016,58.86000061035156,45.68512725830078,76885900.0,12.290998216633131
303,OKE,2019,1,1,53.04999923706055,64.62000274658203,52.720001220703125,64.20999908447266,52.47140884399414,63904000.0,14.854465759335977
304,OXY,2012,1,1,92.67327880859375,99.47551727294922,90.81464385986328,95.58578491210938,67.0040054321289,89870231.0,
305,OXY,2013,1,1,75.04495239257812,84.87466430664062,74.03898620605469,84.56808471679688,60.83403396606445,101361873.0,-9.208362136371484
306,OXY,2014,1,1,90.54638671875,91.67689514160156,82.872314453125,83.8974380493164,62.10882568359375,88340473.0,2.0955238941419374
307,OXY,2015,1,1,79.87398529052734,81.22168731689453,73.02564239501953,79.86399841308594,60.96192169189453,118774918.0,-1.8466038909542237
308,OXY,2016,1,1,66.97594451904297,68.7129898071289,58.1409912109375,68.7129898071289,54.62165451049805,138401783.0,-10.400372897430298
309,OXY,2017,1,1,72.2699966430664,72.95999908447266,67.31999969482422,67.7699966430664,56.13607406616211,89717400.0,2.7725625838979306
310,OXY,2018,1,1,74.01000213623047,78.08999633789062,73.48999786376953,74.97000122070312,65.14715576171875,74866300.0,16.05221213891117
311,OXY,2019,1,1,60.52000045776367,67.45999908447266,59.720001220703125,66.77999877929688,60.55278015136719,99597300.0,-7.052304212874438
312,PEG,2012,1,1,33.189998626708984,33.25,29.969999313354492,30.34000015258789,21.268381118774414,65294300.0,
313,PEG,2013,1,1,30.899999618530273,31.200000762939453,29.700000762939453,31.18000030517578,22.8941593170166,55970900.0,7.644108825974771
314,PEG,2014,1,1,31.90999984741211,33.5,31.25,33.34000015258789,25.584320068359375,95144600.0,11.750423826845878
315,PEG,2015,1,1,41.5,44.45000076293945,40.63999938964844,42.68000030517578,34.05418014526367,62244800.0,33.105668058691684
316,PEG,2016,1,1,38.279998779296875,41.439998626708984,37.849998474121094,41.29999923706055,34.268348693847656,64708300.0,0.6289053140331458
317,PEG,2017,1,1,44.0099983215332,44.70000076293945,42.86000061035156,44.25,38.1315803527832,39687900.0,11.273468977012978
318,PEG,2018,1,1,51.5,51.939998626708984,48.0,51.869998931884766,46.376747131347656,77167100.0,21.62293485421367
319,PEG,2019,1,1,51.79999923706055,54.68000030517578,49.970001220703125,54.54999923706055,50.51397705078125,68843100.0,8.92091441367413
320,PNW,2012,1,1,48.86000061035156,48.86000061035156,47.0,47.2599983215332,33.565521240234375,18867100.0,
321,PNW,2013,1,1,51.720001220703125,53.619998931884766,51.5,53.380001068115234,39.53565979003906,16183300.0,17.78652119559041
322,PNW,2014,1,1,53.0,53.810001373291016,51.369998931884766,52.630001068115234,40.50400924682617,17484900.0,2.449306428499476
323,PNW,2015,1,1,68.58000183105469,73.30999755859375,67.69000244140625,70.18000030517578,56.291744232177734,18809400.0,38.97820309378055
324,PNW,2016,1,1,64.30999755859375,66.48999786376953,62.5099983215332,66.30999755859375,55.211978912353516,16920300.0,-1.9181592870362696
325,PNW,2017,1,1,77.98999786376953,78.80000305175781,75.79000091552734,77.62999725341797,66.95791625976562,11572100.0,21.274255295319612
326,PNW,2018,1,1,85.30000305175781,85.55000305175781,78.30999755859375,79.94999694824219,71.17727661132812,15381300.0,6.301510840321467
327,PNW,2019,1,1,85.05000305175781,88.41999816894531,81.62999725341797,88.12000274658203,81.23776245117188,27850100.0,14.134406820283685
328,PPL,2012,1,1,27.802289962768555,27.802289962768555,25.529674530029297,25.88360595703125,16.644620895385742,106517824.0,
329,PPL,2013,1,1,27.001285552978516,28.27730369567871,26.675296783447266,28.212106704711914,19.08199119567871,82317802.0,14.643591557970904
330,PPL,2014,1,1,28.063081741333008,28.52878189086914,27.383159637451172,28.472898483276367,20.219507217407227,98445565.0,5.961201900072766
331,PPL,2015,1,1,33.97747039794922,34.070613861083984,32.319580078125,33.064701080322266,24.535335540771484,101425489.0,21.344873922786345
332,PPL,2016,1,1,33.900001525878906,35.150001525878906,32.18000030517578,35.060001373291016,27.281448364257812,98986100.0,11.192481223348217
333,PPL,2017,1,1,34.04999923706055,34.91999816894531,33.720001220703125,34.84000015258789,28.29290771484375,65487600.0,3.7074987261712877
334,PPL,2018,1,1,31.079999923706055,32.45000076293945,30.440000534057617,31.8700008392334,26.9941463470459,139351800.0,-4.590413190781595
335,PPL,2019,1,1,28.25,31.3799991607666,27.799999237060547,31.31999969482422,28.108835220336914,98470200.0,4.129372564556033
336,PSX,2012,1,1,0.0,0.0,0.0,0.0,0.0,0.0,
337,PSX,2013,1,1,54.25,62.90999984741211,50.119998931884766,60.56999969482422,46.517791748046875,110036100.0,inf
338,PSX,2014,1,1,77.16999816894531,79.0,70.80999755859375,73.08999633789062,57.32466125488281,77458400.0,23.231690716035946
339,PSX,2015,1,1,71.61000061035156,72.44999694824219,57.33000183105469,70.31999969482422,56.5030632019043,117365100.0,-1.4332366471830338
340,PSX,2016,1,1,81.20999908447266,81.88999938964844,74.31999969482422,80.1500015258789,66.13030242919922,92658500.0,17.038437708931966
341,PSX,2017,1,1,87.30999755859375,88.26000213623047,81.1500015258789,81.62000274658203,69.47562408447266,46163600.0,5.058681924001518
342,PSX,2018,1,1,101.66000366210938,107.47000122070312,101.06999969482422,102.4000015258789,90.05792999267578,37743000.0,29.625219174969786
343,PSX,2019,1,1,85.31999969482422,96.5999984741211,85.0,95.41000366210938,86.4194107055664,60074000.0,-4.040198667019423
344,PXD,2012,1,1,91.83999633789062,102.48999786376953,90.26000213623047,99.30000305175781,95.1895980834961,39087600.0,
345,PXD,2013,1,1,109.43000030517578,123.86000061035156,107.29000091552734,117.54000091552734,112.76063537597656,31413600.0,18.458988845680313
346,PXD,2014,1,1,182.9499969482422,184.24000549316406,163.89999389648438,169.32000732421875,162.52330017089844,36096200.0,44.1312383785341
347,PXD,2015,1,1,147.5399932861328,156.61000061035156,133.9499969482422,150.52999877929688,144.54942321777344,45779500.0,-11.059261616165127
348,PXD,2016,1,1,125.19000244140625,127.08999633789062,103.5,123.94999694824219,119.09341430664062,80376000.0,-17.61059182697784
349,PXD,2017,1,1,182.99000549316406,188.42999267578125,177.74000549316406,180.22999572753906,173.25875854492188,26532600.0,45.481393369760006
350,PXD,2018,1,1,174.3000030517578,189.9499969482422,172.2899932861328,182.91000366210938,175.92010498046875,35578000.0,1.5360530445315712
351,PXD,2019,1,1,128.77999877929688,146.69000244140625,128.67999267578125,142.32000732421875,137.1349639892578,35603100.0,-22.04702014901423
352,SLB,2012,1,1,70.4000015258789,77.75,67.12000274658203,75.16999816894531,58.32840347290039,187857400.0,
353,SLB,2013,1,1,70.80000305175781,79.98999786376953,70.12000274658203,78.05000305175781,61.492393493652344,135619900.0,5.424441322522999
354,SLB,2014,1,1,89.4800033569336,92.11000061035156,85.7699966430664,87.56999969482422,70.07260131835938,141281400.0,13.953283222896085
355,SLB,2015,1,1,84.80999755859375,86.19999694824219,75.5999984741211,82.38999938964844,67.03089904785156,195355700.0,-4.3407868600289445
356,SLB,2016,1,1,69.44999694824219,72.5,59.599998474121094,72.2699966430664,60.2513427734375,244650900.0,-10.114076300206442
357,SLB,2017,1,1,84.86000061035156,87.83999633789062,83.11000061035156,83.70999908447266,71.62593841552734,115258900.0,18.87857617524247
358,SLB,2018,1,1,68.06999969482422,80.3499984741211,67.5999984741211,73.58000183105469,64.80672454833984,207069000.0,-9.520592704317298
359,SLB,2019,1,1,35.4900016784668,45.04999923706055,35.34000015258789,44.209999084472656,40.24922180175781,307943600.0,-37.89344843105656
360,SO,2012,1,1,45.869998931884766,46.060001373291016,44.33000183105469,45.560001373291016,29.840085983276367,126067700.0,
361,SO,2013,1,1,43.34000015258789,45.0,42.81999969482422,44.22999954223633,30.211931228637695,130540400.0,1.2461265881396066
362,SO,2014,1,1,41.130001068115234,41.869998931884766,40.27000045776367,41.2400016784668,29.473949432373047,106401400.0,-2.4426832918417296
363,SO,2015,1,1,49.189998626708984,53.15999984741211,48.84000015258789,50.720001220703125,38.00397491455078,110086100.0,28.940897458447434
364,SO,2016,1,1,46.41999816894531,49.0,46.0,48.91999816894531,38.43708801269531,110086800.0,1.1396520998615323
365,SO,2017,1,1,49.150001525878906,49.849998474121094,48.189998626708984,49.43000030517578,40.607704162597656,81411200.0,5.6471919755872735
366,SO,2018,1,1,48.0099983215332,48.06999969482422,43.15999984741211,45.11000061035156,38.82218933105469,167460900.0,-4.396985420287669
367,SO,2019,1,1,43.88999938964844,48.68000030517578,43.2599983215332,48.599998474121094,44.0786018371582,115336100.0,13.539711687250989
368,SRE,2012,1,1,55.689998626708984,58.41999816894531,54.70000076293945,56.900001525878906,42.82837677001953,25471200.0,
369,SRE,2013,1,1,71.9800033569336,75.4000015258789,70.61000061035156,75.05000305175781,58.61260223388672,18044300.0,36.85459654150696
370,SRE,2014,1,1,89.55000305175781,93.52999877929688,86.7300033569336,92.70999908447266,74.61502838134766,26625200.0,27.302023007961896
371,SRE,2015,1,1,111.77999877929688,116.20999908447266,108.91999816894531,111.91999816894531,92.42105102539062,16129500.0,23.8638556203969
372,SRE,2016,1,1,93.16000366210938,95.27999877929688,86.72000122070312,94.75,80.48987579345703,36850400.0,-12.909586181459643
373,SRE,2017,1,1,100.93000030517578,104.25,99.70999908447266,102.38999938964844,89.49098205566406,20579300.0,11.182904897635249
374,SRE,2018,1,1,107.23999786376953,109.73999786376953,102.98999786376953,107.0199966430664,96.34709930419922,70258300.0,7.6612381393586615
375,SRE,2019,1,1,107.9800033569336,117.16000366210938,106.08999633789062,116.9800033569336,108.74925231933594,36096900.0,12.872367829133168
376,VLO,2012,1,1,19.515539169311523,22.723949432373047,17.477148056030273,21.928701400756836,15.818461418151855,262442070.0,
377,VLO,2013,1,1,31.97440528869629,40.58501052856445,31.124313354492188,39.97257614135742,29.56735610961914,247703920.0,86.91676344508625
378,VLO,2014,1,1,50.13999938964844,53.63999938964844,48.599998474121094,51.099998474121094,38.577327728271484,179628300.0,30.472699639590473
379,VLO,2015,1,1,49.54999923706055,53.900001525878906,43.45000076293945,52.880001068115234,40.74812698364258,187361900.0,5.627137448870556
380,VLO,2016,1,1,70.37999725341797,72.48999786376953,62.15999984741211,67.87000274658203,53.75505065917969,155423700.0,31.920298277166093
381,VLO,2017,1,1,69.55000305175781,71.4000015258789,64.44999694824219,65.76000213623047,54.261497497558594,100934700.0,0.942138147334104
382,VLO,2018,1,1,92.19000244140625,99.94999694824219,91.70999908447266,95.97000122070312,82.40216827392578,62744300.0,51.86121296713813
383,VLO,2019,1,1,73.81999969482422,88.36000061035156,72.94999694824219,87.81999969482422,77.9006576538086,96289700.0,-5.462854575808029
384,WEC,2012,1,1,35.290000915527344,35.349998474121094,33.619998931884766,34.0,25.157352447509766,25263300.0,
385,WEC,2013,1,1,37.31999969482422,39.43000030517578,37.029998779296875,39.43000030517578,30.145288467407227,25361000.0,19.82695130699732
386,WEC,2014,1,1,41.41999816894531,42.709999084472656,40.16999816894531,42.66999816894531,33.76744842529297,33712300.0,12.015675225008993
387,WEC,2015,1,1,52.970001220703125,58.0099983215332,52.349998474121094,55.77000045776367,45.68177032470703,31237100.0,35.28345331088099
388,WEC,2016,1,1,50.93000030517578,55.720001220703125,50.439998626708984,55.22999954223633,46.86690902709961,45884700.0,2.5943361957485145
389,WEC,2017,1,1,58.650001525878906,59.630001068115234,57.630001068115234,59.04999923706055,51.806243896484375,26449600.0,10.539066842510824
390,WEC,2018,1,1,66.43000030517578,66.44999694824219,62.599998474121094,64.30000305175781,58.32630920410156,38395400.0,12.585481627745732
391,WEC,2019,1,1,69.11000061035156,73.51000213623047,67.20999908447266,73.02999877929688,68.54331970214844,32880900.0,17.516984423434767
392,WMB,2012,1,1,27.549999237060547,29.68000030517578,26.209999084472656,28.81999969482422,17.237573623657227,180283300.0,
393,WMB,2013,1,1,33.40999984741211,35.45000076293945,33.099998474121094,35.04999923706055,21.795808792114258,126778900.0,26.443600868519045
394,WMB,2014,1,1,38.38999938964844,40.88999938964844,37.77000045776367,40.4900016784668,26.240516662597656,145054800.0,20.39248881689353
395,WMB,2015,1,1,44.83000183105469,45.56999969482422,40.06999969482422,43.86000061035156,29.603239059448242,166123600.0,12.815000710880419
396,WMB,2016,1,1,25.520000457763672,26.68000030517578,12.770000457763672,19.299999237060547,13.862951278686523,440578900.0,-53.17082954724175
397,WMB,2017,1,1,31.350000381469727,32.689998626708984,27.75,28.84000015258789,22.42724609375,283377100.0,61.7782941229158
398,WMB,2018,1,1,30.670000076293945,33.66999816894531,30.540000915527344,31.389999389648438,25.433990478515625,116532000.0,13.406658901395563
399,WMB,2019,1,1,21.799999237060547,27.170000076293945,21.530000686645508,26.93000030517578,22.96849250793457,194120300.0,-9.69371272142171
400,XEL,2012,1,1,27.889999389648438,27.93000030517578,26.15999984741211,26.600000381469727,19.485260009765625,60010200.0,
401,XEL,2013,1,1,27.030000686645508,27.799999237060547,26.770000457763672,27.780000686645508,21.15945816040039,55001100.0,8.592126303655645
402,XEL,2014,1,1,27.90999984741211,29.020000457763672,27.270000457763672,28.90999984741211,22.9005184173584,61821800.0,8.228283747909849
403,XEL,2015,1,1,36.02000045776367,38.349998474121094,35.599998474121094,37.529998779296875,30.868881225585938,52473000.0,34.79555642804832
404,XEL,2016,1,1,35.61000061035156,38.2599983215332,35.189998626708984,38.220001220703125,32.654052734375,76141700.0,5.7830780964922335
405,XEL,2017,1,1,40.7400016784668,41.43000030517578,40.040000915527344,41.31999969482422,36.485618591308594,46238600.0,11.733814139707377
406,XEL,2018,1,1,48.220001220703125,48.36000061035156,44.7400016784668,45.63999938964844,41.56386184692383,70726900.0,13.918479257536687
407,XEL,2019,1,1,49.15999984741211,52.58000183105469,47.70000076293945,52.36000061035156,49.29837417602539,82356900.0,18.60874323369448
408,XOM,2012,1,1,85.97000122070312,87.94000244140625,83.45999908447266,83.73999786376953,58.02759552001953,333545900.0,
409,XOM,2013,1,1,87.79000091552734,91.93000030517578,87.23999786376953,89.97000122070312,63.925716400146484,261496700.0,10.164337893497756
410,XOM,2014,1,1,100.5999984741211,101.22000122070312,91.69999694824219,92.16000366210938,67.26919555664062,256867500.0,5.2302568430605545
411,XOM,2015,1,1,92.25,93.05000305175781,86.02999877929688,87.41999816894531,65.61868286132812,326819500.0,-2.4535936272982006
412,XOM,2016,1,1,77.5,79.91999816894531,71.55000305175781,77.8499984741211,60.43986129760742,418954700.0,-7.892297342610643
413,XOM,2017,1,1,90.94000244140625,91.33999633789062,83.12999725341797,83.88999938964844,67.42952728271484,252514500.0,11.56466251749011
414,XOM,2018,1,1,83.81999969482422,89.30000305175781,83.66000366210938,87.30000305175781,72.84159088134766,233944600.0,8.02625172788385
415,XOM,2019,1,1,67.3499984741211,73.48999786376953,67.26000213623047,73.27999877929688,63.6774787902832,269226500.0,-12.580878561523956
